1399388281032723586, -0.14750671, 0.0066833496, 9.909348
1399388281040536086, -0.09275818, -0.007598877, 10.299728
1399388281048348586, -0.21177673, 0.02810669, 9.0881195
1399388281056161086, -0.2474823, 0.016204834, 8.845322
1399388281063973586, -0.16893005, -4.5776367E-4, 9.8450775
1399388281071786086, -0.15464783, -0.009979248, 9.723679
1399388281079598586, -0.19273376, 0.023345947, 9.15715
1399388281087411086, -0.18083191, 0.03048706, 9.214279
1399388281095223586, -0.14274597, 0.03048706, 9.642746
1399388281103036086, -0.20463562, 0.0519104, 9.430893
1399388281110848586, -0.19273376, 0.013824463, 9.340439
1399388281118661086, -0.17607117, 0.013824463, 9.502304
1399388281126473586, -0.19987488, 0.0019226074, 9.545151
1399388281134286086, -0.21653748, 0.025726318, 9.426132
1399388281142098586, -0.20463562, 0.023345947, 9.376144
1399388281149911086, -0.20939636, 0.042388916, 9.528488
1399388281157723586, -0.16654968, 0.03048706, 9.416611
1399388281165536086, -0.18321228, 0.068573, 9.468979
1399388281173348586, -0.1903534, 0.013824463, 9.530869
1399388281181161086, -0.18559265, 0.009063721, 9.442795
1399388281188973586, -0.21177673, -0.007598877, 9.457077
1399388281196786086, -0.15464783, 0.009063721, 9.495163
1399388281204598586, -0.18321228, 0.013824463, 9.4785
1399388281212411086, -0.20701599, -4.5776367E-4, 9.514206
1399388281220223586, -0.19511414, 0.016204834, 9.509445
1399388281228036086, -0.14274597, -0.01473999, 9.442795
1399388281235848586, -0.19273376, -0.007598877, 9.445175
1399388281243661086, -0.17607117, 0.023345947, 9.497543
1399388281251473586, -0.1903534, 0.07333374, 9.4785
1399388281259286086, -0.1903534, -4.5776367E-4, 9.452316
1399388281267098586, -0.19511414, 0.059051514, 9.4856415
1399388281274911086, -0.20225525, 0.02810669, 9.428513
1399388281282723586, -0.16654968, 0.0043029785, 9.454697
1399388281290536086, -0.20225525, -0.007598877, 9.499924
1399388281298348586, -0.18559265, 0.025726318, 9.497543
1399388281306161086, -0.18083191, 0.03286743, 9.433273
1399388281313973586, -0.18083191, 0.025726318, 9.366623
1399388281321786086, -0.17607117, 0.035247803, 9.511826
1399388281329598586, -0.22605896, 0.02810669, 9.371384
1399388281337411086, -0.16654968, 0.025726318, 9.449936
1399388281345223586, -0.17131042, 0.013824463, 9.468979
1399388281353036086, -0.19273376, 0.018585205, 9.459457
1399388281360848586, -0.16893005, 0.018585205, 9.471359
1399388281368661086, -0.15226746, 0.025726318, 9.511826
1399388281376473586, -0.19273376, 0.016204834, 9.464218
1399388281384286086, -0.2308197, 0.0019226074, 9.514206
1399388281392098586, -0.16893005, 0.009063721, 9.452316
1399388281399911086, -0.18797302, 0.011444092, 9.459457
1399388281407723586, -0.17845154, 0.05429077, 9.461838
1399388281415536086, -0.1903534, 0.009063721, 9.449936
1399388281423348586, -0.20463562, 0.06619263, 9.468979
1399388281431161086, -0.2141571, 0.016204834, 9.507065
1399388281438973586, -0.20701599, 0.0066833496, 9.454697
1399388281446786086, -0.20463562, -0.009979248, 9.47612
1399388281454598586, -0.19987488, 0.009063721, 9.492783
1399388281462411086, -0.1736908, -0.005218506, 9.514206
1399388281470223586, -0.18559265, 0.02810669, 9.47374
1399388281478036086, -0.19511414, 0.013824463, 9.459457
1399388281485848586, -0.20939636, -0.012359619, 9.526108
1399388281493661086, -0.18321228, 0.009063721, 9.41185
1399388281501473586, -0.16178894, 0.02810669, 9.4785
1399388281509286086, -0.22843933, 0.05429077, 9.511826
1399388281517098586, -0.20701599, 0.037628174, 9.461838
1399388281524911086, -0.21891785, 0.016204834, 9.483261
1399388281532723586, -0.19273376, 0.04953003, 9.480881
1399388281540536086, -0.19511414, -4.5776367E-4, 9.471359
1399388281548348586, -0.20939636, -0.0028381348, 9.495163
1399388281556161086, -0.17607117, 0.025726318, 9.483261
1399388281563973586, -0.22129822, 0.04714966, 9.523727
1399388281571786086, -0.1736908, 0.02810669, 9.4785
1399388281579598586, -0.19987488, 0.011444092, 9.488022
1399388281587411086, -0.2308197, 0.025726318, 9.4856415
1399388281595223586, -0.19511414, 0.0519104, 9.464218
1399388281603036086, -0.20939636, 0.020965576, 9.518967
1399388281610848586, -0.21177673, 0.08999634, 9.528488
1399388281618661086, -0.18321228, 0.0066833496, 9.464218
1399388281626473586, -0.23558044, 0.018585205, 9.4856415
1399388281634286086, -0.22129822, 0.025726318, 9.457077
1399388281642098586, -0.17131042, 0.009063721, 9.423752
1399388281649911086, -0.22367859, 0.023345947, 9.471359
1399388281657723586, -0.16654968, 0.03048706, 9.483261
1399388281665536086, -0.19273376, 0.011444092, 9.430893
1399388281673348586, -0.21653748, 0.011444092, 9.530869
1399388281681161086, -0.17845154, -0.009979248, 9.488022
1399388281688973586, -0.17607117, 0.011444092, 9.440414
1399388281696786086, -0.1903534, 0.020965576, 9.471359
1399388281704598586, -0.15226746, 0.011444092, 9.440414
1399388281712411086, -0.16178894, 0.018585205, 9.499924
1399388281720223586, -0.19987488, 0.023345947, 9.507065
1399388281728036086, -0.15464783, 0.009063721, 9.452316
1399388281735848586, -0.20463562, 0.013824463, 9.416611
1399388281743661086, -0.20463562, 0.068573, 9.47374
1399388281751473586, -0.1903534, 0.023345947, 9.483261
1399388281759286086, -0.14750671, 0.009063721, 9.4856415
1399388281767098586, -0.24510193, 0.013824463, 9.428513
1399388281774911086, -0.20225525, -4.5776367E-4, 9.504684
1399388281782723586, -0.17845154, 0.0043029785, 9.428513
1399388281790536086, -0.18321228, 0.020965576, 9.497543
1399388281798348586, -0.19511414, -0.01473999, 9.471359
1399388281806161086, -0.18321228, 0.025726318, 9.557053
1399388281813973586, -0.20463562, 0.02810669, 9.468979
1399388281821786086, -0.21653748, 0.0043029785, 9.47374
1399388281829598586, -0.17607117, 0.016204834, 9.428513
1399388281837411086, -0.19987488, 0.018585205, 9.430893
1399388281845223586, -0.15940857, 0.0019226074, 9.518967
1399388281853036086, -0.21177673, -0.009979248, 9.47612
1399388281860848586, -0.20463562, 0.0066833496, 9.464218
1399388281868661086, -0.1974945, 0.035247803, 9.47612
1399388281876473586, -0.16416931, 0.013824463, 9.47374
1399388281884286086, -0.19511414, 0.018585205, 9.440414
1399388281892098586, -0.18559265, 0.025726318, 9.426132
1399388281899911086, -0.20701599, -0.0028381348, 9.457077
1399388281907723586, -0.19511414, -0.01473999, 9.461838
1399388281915536086, -0.14512634, 0.0066833496, 9.461838
1399388281923348586, -0.18559265, 0.020965576, 9.435654
1399388281931161086, -0.16416931, -0.029022217, 9.490402
1399388281938973586, -0.2141571, 0.0019226074, 9.464218
1399388281946786086, -0.18797302, 0.009063721, 9.445175
1399388281954598586, -0.19511414, 0.0019226074, 9.447556
1399388281962411086, -0.13560486, 0.018585205, 9.490402
1399388281970223586, -0.15940857, 0.018585205, 9.430893
1399388281978036086, -0.20701599, 0.020965576, 9.47612
1399388281985848586, -0.23320007, 0.009063721, 9.47374
1399388281993661086, -0.19511414, 0.05429077, 9.459457
1399388282001473586, -0.22605896, 0.04714966, 9.4856415
1399388282009286086, -0.15464783, 0.0519104, 9.4785
1399388282017098586, -0.24510193, 0.040008545, 9.4856415
1399388282024911086, -0.20701599, 0.020965576, 9.490402
1399388282032723586, -0.18797302, 0.02810669, 9.416611
1399388282040536086, -0.16178894, 0.011444092, 9.495163
1399388282048348586, -0.18083191, -0.007598877, 9.471359
1399388282056161086, -0.13798523, -4.5776367E-4, 9.454697
1399388282063973586, -0.2141571, 0.018585205, 9.497543
1399388282071786086, -0.18321228, -0.01473999, 9.457077
1399388282079598586, -0.20225525, -0.0028381348, 9.438034
1399388282087411086, -0.20701599, -0.007598877, 9.445175
1399388282095223586, -0.23796082, 0.03286743, 9.442795
1399388282103036086, -0.18083191, 0.0019226074, 9.521347
1399388282110848586, -0.22367859, 0.04953003, 9.483261
1399388282118661086, -0.17131042, -0.007598877, 9.47612
1399388282126473586, -0.18083191, -0.007598877, 9.435654
1399388282134286086, -0.19987488, 0.04714966, 9.504684
1399388282142098586, -0.18559265, 0.0043029785, 9.447556
1399388282149911086, -0.1903534, 0.03286743, 9.442795
1399388282157723586, -0.19511414, 0.056671143, 9.502304
1399388282165536086, -0.18559265, 0.011444092, 9.41185
1399388282173348586, -0.24272156, 0.016204834, 9.47374
1399388282181161086, -0.18797302, 0.03286743, 9.449936
1399388282188973586, -0.21177673, 0.018585205, 9.457077
1399388282196786086, -0.22129822, 0.025726318, 9.442795
1399388282204598586, -0.2141571, 0.02810669, 9.464218
1399388282212411086, -0.20225525, 0.0066833496, 9.4665985
1399388282220223586, -0.18797302, 0.0019226074, 9.41185
1399388282228036086, -0.21177673, -0.0028381348, 9.449936
1399388282235848586, -0.24510193, -0.007598877, 9.452316
1399388282243661086, -0.18321228, 0.0019226074, 9.459457
1399388282251473586, -0.20225525, 0.03048706, 9.449936
1399388282259286086, -0.20701599, -0.007598877, 9.497543
1399388282267098586, -0.16654968, 0.037628174, 9.435654
1399388282274911086, -0.17845154, 0.025726318, 9.428513
1399388282282723586, -0.21177673, -0.012359619, 9.461838
1399388282290536086, -0.21177673, 0.03286743, 9.507065
1399388282298348586, -0.17845154, 0.0043029785, 9.459457
1399388282306161086, -0.18321228, 0.011444092, 9.4785
1399388282313973586, -0.21177673, 0.020965576, 9.504684
1399388282321786086, -0.2141571, 0.035247803, 9.464218
1399388282329598586, -0.20225525, 0.016204834, 9.471359
1399388282337411086, -0.20701599, 0.011444092, 9.428513
1399388282345223586, -0.20939636, -4.5776367E-4, 9.521347
1399388282353036086, -0.18321228, 0.023345947, 9.547531
1399388282360848586, -0.21891785, 0.03048706, 9.480881
1399388282368661086, -0.18797302, -0.007598877, 9.468979
1399388282376473586, -0.18559265, 0.016204834, 9.41423
1399388282384286086, -0.19511414, 0.042388916, 9.430893
1399388282392098586, -0.20701599, 0.0019226074, 9.483261
1399388282399911086, -0.16178894, 0.02810669, 9.459457
1399388282407723586, -0.18321228, 0.04953003, 9.438034
1399388282415536086, -0.18321228, 0.020965576, 9.452316
1399388282423348586, -0.20939636, 0.023345947, 9.416611
1399388282431161086, -0.18321228, 0.020965576, 9.4023285
1399388282438973586, -0.17607117, 0.0066833496, 9.523727
1399388282446786086, -0.21891785, 0.013824463, 9.433273
1399388282454598586, -0.16893005, 0.02810669, 9.445175
1399388282462411086, -0.21177673, 0.013824463, 9.430893
1399388282470223586, -0.18797302, 0.03286743, 9.507065
1399388282478036086, -0.19273376, 0.035247803, 9.47374
1399388282485848586, -0.1736908, 0.04953003, 9.41185
1399388282493661086, -0.16654968, 0.018585205, 9.445175
1399388282501473586, -0.17607117, 0.02810669, 9.452316
1399388282509286086, -0.20225525, 0.009063721, 9.490402
1399388282517098586, -0.18083191, 0.011444092, 9.459457
1399388282524911086, -0.19511414, -0.007598877, 9.468979
1399388282532723586, -0.17131042, 0.018585205, 9.41185
1399388282540536086, -0.1974945, 0.042388916, 9.492783
1399388282548348586, -0.1903534, 0.023345947, 9.523727
1399388282556161086, -0.2141571, 0.03048706, 9.3832855
1399388282563973586, -0.19987488, -0.007598877, 9.47612
1399388282571786086, -0.19273376, 0.009063721, 9.457077
1399388282579598586, -0.14988708, 0.0066833496, 9.468979
1399388282587411086, -0.18797302, 0.020965576, 9.430893
1399388282595223586, -0.20701599, 0.011444092, 9.459457
1399388282603036086, -0.19273376, 0.02810669, 9.516586
1399388282610848586, -0.20939636, 0.009063721, 9.471359
1399388282618661086, -0.18559265, 0.025726318, 9.492783
1399388282626473586, -0.21177673, 0.011444092, 9.269028
1399388282634286086, -0.13084412, 0.02810669, 9.366623
1399388282642098586, -0.17131042, 0.037628174, 8.935776
1399388282649911086, -0.1974945, 0.023345947, 9.266647
1399388282657723586, -0.14988708, 0.05429077, 9.664169
1399388282665536086, -0.21653748, 0.020965576, 9.54277
1399388282673348586, -0.17131042, 0.03286743, 9.340439
1399388282681161086, -0.1903534, 0.040008545, 9.471359
1399388282688973586, -0.18083191, 0.011444092, 9.468979
1399388282696786086, -0.20225525, 0.03048706, 9.392807
1399388282704598586, -0.19987488, -0.021881104, 9.483261
1399388282712411086, -0.20463562, 0.013824463, 9.5499115
1399388282720223586, -0.16893005, 0.0019226074, 9.676071
1399388282728036086, -0.19987488, 0.063812256, 9.309494
1399388282735848586, -0.14988708, 0.044769287, 9.440414
1399388282743661086, -0.20225525, 0.04953003, 9.288071
1399388282751473586, -0.19511414, 0.03286743, 9.407089
1399388282759286086, -0.16416931, 0.03048706, 9.583237
1399388282767098586, -0.18797302, -4.5776367E-4, 9.369003
1399388282774911086, -0.23320007, -0.007598877, 9.445175
1399388282782723586, -0.20939636, 0.025726318, 9.502304
1399388282790536086, -0.1736908, 0.0066833496, 9.492783
1399388282798348586, -0.20463562, 0.0066833496, 9.490402
1399388282806161086, -0.19273376, 0.0043029785, 9.421371
1399388282813973586, -0.22843933, 0.023345947, 9.521347
1399388282821786086, -0.1570282, -0.0028381348, 9.571335
1399388282829598586, -0.16654968, 0.025726318, 9.454697
1399388282837411086, -0.17607117, 0.009063721, 9.438034
1399388282845223586, -0.1570282, 0.02810669, 9.523727
1399388282853036086, -0.19511414, -0.0028381348, 9.4023285
1399388282860848586, -0.18559265, -0.019500732, 9.407089
1399388282868661086, -0.19511414, -0.01473999, 9.418991
1399388282876473586, -0.19511414, 0.023345947, 9.559433
1399388282884286086, -0.20463562, 0.025726318, 9.497543
1399388282892098586, -0.22367859, 0.05429077, 9.514206
1399388282899911086, -0.22843933, 0.037628174, 9.499924
1399388282907723586, -0.2474823, 0.04953003, 9.457077
1399388282915536086, -0.2141571, 0.025726318, 9.369003
1399388282923348586, -0.27366638, 0.063812256, 9.457077
1399388282931161086, -0.18797302, 0.0066833496, 9.423752
1399388282938973586, -0.18321228, 0.011444092, 9.47374
1399388282946786086, -0.18083191, -0.012359619, 9.47374
1399388282954598586, -0.16893005, -0.019500732, 9.495163
1399388282962411086, -0.1570282, 0.011444092, 9.359482
1399388282970223586, -0.18797302, 0.035247803, 9.490402
1399388282978036086, -0.2141571, 0.044769287, 9.468979
1399388282985848586, -0.16654968, 0.07095337, 9.4665985
1399388282993661086, -0.20463562, 0.04714966, 9.490402
1399388283001473586, -0.21653748, 0.02810669, 9.530869
1399388283009286086, -0.21653748, 0.0043029785, 9.316635
1399388283017098586, -0.20939636, 0.016204834, 9.492783
1399388283024911086, -0.19987488, -0.017120361, 9.507065
1399388283032723586, -0.22129822, 0.009063721, 9.502304
1399388283040536086, -0.18083191, -0.0028381348, 9.438034
1399388283048348586, -0.16416931, -4.5776367E-4, 9.445175
1399388283056161086, -0.20225525, -4.5776367E-4, 9.407089
1399388283063973586, -0.17607117, 0.061431885, 9.40947
1399388283071786086, -0.18083191, 0.0519104, 9.504684
1399388283079598586, -0.18797302, -0.005218506, 9.502304
1399388283087411086, -0.23558044, 0.03286743, 9.488022
1399388283095223586, -0.22367859, 0.011444092, 9.423752
1399388283103036086, -0.18559265, 0.02810669, 9.447556
1399388283110848586, -0.1570282, -0.029022217, 9.511826
1399388283118661086, -0.19511414, -0.007598877, 9.523727
1399388283126473586, -0.22605896, -0.0028381348, 9.426132
1399388283134286086, -0.21653748, 0.03048706, 9.490402
1399388283142098586, -0.1903534, 0.009063721, 9.471359
1399388283149911086, -0.1903534, 0.020965576, 9.480881
1399388283157723586, -0.22367859, 0.040008545, 9.497543
1399388283165536086, -0.1903534, 0.03286743, 9.4665985
1399388283173348586, -0.20939636, 0.03286743, 9.483261
1399388283181161086, -0.19511414, 0.0066833496, 9.461838
1399388283188973586, -0.18559265, -0.019500732, 9.435654
1399388283196786086, -0.18083191, -0.007598877, 9.442795
1399388283204598586, -0.1903534, 0.009063721, 9.504684
1399388283212411086, -0.14750671, 0.03286743, 9.423752
1399388283220223586, -0.18797302, 0.025726318, 9.468979
1399388283228036086, -0.1903534, 0.03048706, 9.480881
1399388283235848586, -0.1736908, 0.023345947, 9.449936
1399388283243661086, -0.20225525, 0.018585205, 9.488022
1399388283251473586, -0.18321228, 0.035247803, 9.495163
1399388283259286086, -0.17131042, -0.01473999, 9.4665985
1399388283267098586, -0.21891785, -0.029022217, 9.497543
1399388283274911086, -0.1736908, 0.025726318, 9.468979
1399388283282723586, -0.19987488, 0.011444092, 9.3832855
1399388283290536086, -0.17607117, 0.016204834, 9.395187
1399388283298348586, -0.20225525, -0.012359619, 9.47374
1399388283306161086, -0.15940857, 0.016204834, 9.4856415
1399388283313973586, -0.1903534, 0.011444092, 9.483261
1399388283321786086, -0.18083191, 0.042388916, 9.502304
1399388283329598586, -0.1974945, 0.0519104, 9.488022
1399388283337411086, -0.22605896, 0.018585205, 9.504684
1399388283345223586, -0.22843933, 0.011444092, 9.447556
1399388283353036086, -0.2141571, 0.016204834, 9.454697
1399388283360848586, -0.19511414, 0.018585205, 9.442795
1399388283368661086, -0.21653748, -0.01473999, 9.407089
1399388283376473586, -0.18559265, 0.02810669, 9.492783
1399388283384286086, -0.17131042, -4.5776367E-4, 9.426132
1399388283392098586, -0.20939636, 0.02810669, 9.461838
1399388283399911086, -0.23796082, 0.016204834, 9.502304
1399388283407723586, -0.1974945, 0.04953003, 9.509445
1399388283415536086, -0.18797302, 0.082855225, 9.4665985
1399388283423348586, -0.17845154, 0.0043029785, 9.4856415
1399388283431161086, -0.2141571, -0.019500732, 9.499924
1399388283438973586, -0.22843933, -0.01473999, 9.47612
1399388283446786086, -0.17131042, -4.5776367E-4, 9.418991
1399388283454598586, -0.21177673, 0.009063721, 9.5499115
1399388283462411086, -0.20939636, 0.011444092, 9.516586
1399388283470223586, -0.20463562, 0.03048706, 9.461838
1399388283478036086, -0.20463562, 0.037628174, 9.445175
1399388283485848586, -0.2308197, 0.042388916, 9.480881
1399388283493661086, -0.18321228, 0.0066833496, 9.4665985
1399388283501473586, -0.18797302, 0.035247803, 9.47374
1399388283509286086, -0.19273376, 0.03048706, 9.454697
1399388283517098586, -0.15226746, 0.0066833496, 9.502304
1399388283524911086, -0.2141571, 0.0043029785, 9.507065
1399388283532723586, -0.19273376, -0.007598877, 9.4785
1399388283540536086, -0.20701599, 0.035247803, 9.430893
1399388283548348586, -0.17845154, -0.009979248, 9.438034
1399388283556161086, -0.23558044, 0.04953003, 9.435654
1399388283563973586, -0.20701599, 0.011444092, 9.471359
1399388283571786086, -0.15226746, 0.0066833496, 9.435654
1399388283579598586, -0.20463562, 0.013824463, 9.533249
1399388283587411086, -0.1974945, -0.0028381348, 9.47374
1399388283595223586, -0.20463562, 0.0043029785, 9.526108
1399388283603036086, -0.18797302, 0.035247803, 9.497543
1399388283610848586, -0.18559265, -0.031402588, 9.4023285
1399388283618661086, -0.1736908, 0.020965576, 9.495163
1399388283626473586, -0.19511414, 0.035247803, 9.421371
1399388283634286086, -0.1736908, 0.035247803, 9.471359
1399388283642098586, -0.18083191, 0.04714966, 9.488022
1399388283649911086, -0.1570282, 0.07571411, 9.459457
1399388283657723586, -0.17607117, 0.02810669, 9.4023285
1399388283665536086, -0.2141571, 0.03286743, 9.440414
1399388283673348586, -0.24034119, 0.020965576, 9.509445
1399388283681161086, -0.22129822, 0.0043029785, 9.447556
1399388283688973586, -0.15464783, -0.01473999, 9.464218
1399388283696786086, -0.22843933, 0.020965576, 9.464218
1399388283704598586, -0.21653748, 0.0519104, 9.416611
1399388283712411086, -0.20225525, 0.0066833496, 9.47374
1399388283720223586, -0.1736908, 0.025726318, 9.447556
1399388283728036086, -0.18559265, 0.037628174, 9.4785
1399388283735848586, -0.20701599, 0.06619263, 9.34996
1399388283743661086, -0.22367859, -0.03378296, 9.737961
1399388283751473586, -0.1974945, -0.01473999, 9.533249
1399388283759286086, -0.1903534, -0.0028381348, 9.576096
1399388283767098586, -0.1903534, 0.037628174, 9.407089
1399388283774911086, -0.17845154, 0.042388916, 9.580856
1399388283782723586, -0.18797302, 0.0043029785, 9.418991
1399388283790536086, -0.23558044, 0.0043029785, 9.533249
1399388283798348586, -0.2474823, 0.02810669, 9.421371
1399388283806161086, -0.22367859, -0.01473999, 9.438034
1399388283813973586, -0.2141571, 0.013824463, 9.440414
1399388283821786086, -0.2141571, 0.03286743, 9.523727
1399388283829598586, -0.21177673, 0.04953003, 9.449936
1399388283837411086, -0.2141571, -0.009979248, 9.628464
1399388283845223586, -0.20225525, 0.03286743, 9.459457
1399388283853036086, -0.1736908, 0.03286743, 9.590378
1399388283860848586, -0.16893005, 0.02810669, 9.592758
1399388283868661086, -0.16416931, 0.07333374, 9.34996
1399388283876473586, -0.22129822, -0.017120361, 9.480881
1399388283884286086, -0.2141571, -0.029022217, 9.4856415
1399388283892098586, -0.26176453, 0.056671143, 9.528488
1399388283899911086, -0.22605896, 0.0019226074, 9.595139
1399388283907723586, -0.14750671, 0.044769287, 9.4665985
1399388283915536086, -0.17607117, 0.0519104, 9.552292
1399388283923348586, -0.1974945, 0.0043029785, 9.454697
1399388283931161086, -0.23558044, 0.011444092, 9.449936
1399388283938973586, -0.21891785, -0.005218506, 9.490402
1399388283946786086, -0.19511414, 0.059051514, 9.418991
1399388283954598586, -0.16654968, -4.5776367E-4, 9.438034
1399388283962411086, -0.20225525, 0.04714966, 9.497543
1399388283970223586, -0.1903534, -0.019500732, 9.504684
1399388283978036086, -0.19273376, 0.011444092, 9.4785
1399388283985848586, -0.18321228, -0.01473999, 9.554672
1399388283993661086, -0.1903534, 0.044769287, 9.504684
1399388284001473586, -0.21653748, 0.020965576, 9.326157
1399388284009286086, -0.16893005, 0.042388916, 9.499924
1399388284017098586, -0.19273376, 0.04953003, 9.573715
1399388284024911086, -0.19273376, 0.020965576, 9.47612
1399388284032723586, -0.21177673, 0.0066833496, 9.457077
1399388284040536086, -0.19987488, 0.03286743, 9.423752
1399388284048348586, -0.18083191, -0.007598877, 9.395187
1399388284056161086, -0.18797302, -0.0028381348, 9.464218
1399388284063973586, -0.19987488, -0.026641846, 9.499924
1399388284071786086, -0.18083191, 0.02810669, 9.423752
1399388284079598586, -0.21177673, 0.0066833496, 9.357101
1399388284087411086, -0.19511414, 0.0519104, 9.528488
1399388284095223586, -0.20939636, 0.018585205, 9.507065
1399388284103036086, -0.16416931, 0.0043029785, 9.440414
1399388284110848586, -0.1903534, 0.013824463, 9.545151
1399388284118661086, -0.20939636, 0.018585205, 9.488022
1399388284126473586, -0.19273376, -0.009979248, 9.416611
1399388284134286086, -0.20701599, 0.059051514, 9.47612
1399388284142098586, -0.20939636, -0.009979248, 9.454697
1399388284149911086, -0.17131042, -0.017120361, 9.516586
1399388284157723586, -0.22129822, -0.017120361, 9.488022
1399388284165536086, -0.16654968, -0.019500732, 9.41185
1399388284173348586, -0.18321228, 0.016204834, 9.4856415
1399388284181161086, -0.18559265, 0.037628174, 9.459457
1399388284188973586, -0.1903534, 0.044769287, 9.526108
1399388284196786086, -0.20463562, 0.05429077, 9.440414
1399388284204598586, -0.1903534, 0.02810669, 9.495163
1399388284212411086, -0.18321228, 0.035247803, 9.488022
1399388284220223586, -0.18321228, 0.03048706, 9.459457
1399388284228036086, -0.15464783, 0.03048706, 9.488022
1399388284235848586, -0.23796082, 0.013824463, 9.442795
1399388284243661086, -0.1974945, 0.025726318, 9.480881
1399388284251473586, -0.23320007, 0.025726318, 9.452316
1399388284259286086, -0.18559265, 0.040008545, 9.4665985
1399388284267098586, -0.21177673, 0.035247803, 9.421371
1399388284274911086, -0.18559265, 0.016204834, 9.490402
1399388284282723586, -0.19273376, 0.020965576, 9.452316
1399388284290536086, -0.1974945, -0.017120361, 9.495163
1399388284298348586, -0.1736908, 0.0066833496, 9.530869
1399388284306161086, -0.21891785, 0.0043029785, 9.504684
1399388284313973586, -0.1570282, 0.0519104, 9.53801
1399388284321786086, -0.15940857, 0.03048706, 9.502304
1399388284329598586, -0.19273376, 0.02810669, 9.514206
1399388284337411086, -0.18321228, 0.044769287, 9.4785
1399388284345223586, -0.20463562, 0.020965576, 9.47612
1399388284353036086, -0.16893005, 0.03286743, 9.509445
1399388284360848586, -0.18559265, 0.020965576, 9.421371
1399388284368661086, -0.19987488, -0.012359619, 9.464218
1399388284376473586, -0.19511414, 0.018585205, 9.497543
1399388284384286086, -0.19511414, 0.023345947, 9.468979
1399388284392098586, -0.21177673, 0.018585205, 9.47612
1399388284399911086, -0.16893005, 0.035247803, 9.511826
1399388284407723586, -0.18083191, 0.040008545, 9.418991
1399388284415536086, -0.15464783, 0.044769287, 9.495163
1399388284423348586, -0.19511414, 0.02810669, 9.497543
1399388284431161086, -0.1570282, 0.013824463, 9.471359
1399388284438973586, -0.18083191, 0.023345947, 9.416611
1399388284446786086, -0.16416931, 0.04714966, 9.480881
1399388284454598586, -0.18797302, 0.042388916, 9.4785
1399388284462411086, -0.22843933, -0.043304443, 9.4856415
1399388284470223586, -0.18797302, 0.011444092, 9.4856415
1399388284478036086, -0.18321228, 0.013824463, 9.430893
1399388284485848586, -0.18083191, 0.011444092, 9.435654
1399388284493661086, -0.21177673, 0.037628174, 9.440414
1399388284501473586, -0.20701599, 0.0043029785, 9.514206
1399388284509286086, -0.22129822, 0.03286743, 9.399948
1399388284517098586, -0.21177673, 0.05429077, 9.47374
1399388284524911086, -0.1974945, 0.037628174, 9.497543
1399388284532723586, -0.1736908, 0.02810669, 9.526108
1399388284540536086, -0.16178894, 0.02810669, 9.40947
1399388284548348586, -0.18559265, -0.0028381348, 9.471359
1399388284556161086, -0.20225525, -0.031402588, 9.447556
1399388284563973586, -0.2141571, 0.035247803, 9.483261
1399388284571786086, -0.1903534, 0.042388916, 9.509445
1399388284579598586, -0.22367859, 0.056671143, 9.530869
1399388284587411086, -0.20463562, 0.02810669, 9.447556
1399388284595223586, -0.22605896, 0.018585205, 9.547531
1399388284603036086, -0.2141571, 0.0066833496, 9.449936
1399388284610848586, -0.2308197, 0.020965576, 9.4856415
1399388284618661086, -0.1736908, 0.023345947, 9.454697
1399388284626473586, -0.16416931, 0.013824463, 9.464218
1399388284634286086, -0.19987488, 0.018585205, 9.459457
1399388284642098586, -0.19273376, -0.0028381348, 9.464218
1399388284649911086, -0.20701599, 0.011444092, 9.471359
1399388284657723586, -0.18321228, 0.025726318, 9.4856415
1399388284665536086, -0.16654968, 0.0066833496, 9.428513
1399388284673348586, -0.16416931, 0.042388916, 9.480881
1399388284681161086, -0.2141571, 0.013824463, 9.418991
1399388284688973586, -0.22129822, 0.025726318, 9.454697
1399388284696786086, -0.19273376, 0.042388916, 9.461838
1399388284704598586, -0.21653748, 0.040008545, 9.4785
1399388284712411086, -0.18559265, 0.059051514, 9.568954
1399388284720223586, -0.1903534, -0.007598877, 9.483261
1399388284728036086, -0.20939636, 0.013824463, 9.438034
1399388284735848586, -0.20939636, 0.0066833496, 9.440414
1399388284743661086, -0.17131042, -0.0028381348, 9.518967
1399388284751473586, -0.2141571, 0.02810669, 9.452316
1399388284759286086, -0.18083191, 0.035247803, 9.4856415
1399388284767098586, -0.19511414, 0.02810669, 9.509445
1399388284774911086, -0.1974945, 0.0066833496, 9.407089
1399388284782723586, -0.1903534, -0.012359619, 9.440414
1399388284790536086, -0.12608337, 0.018585205, 9.516586
1399388284798348586, -0.16654968, -0.012359619, 9.461838
1399388284806161086, -0.19987488, 0.018585205, 9.480881
1399388284813973586, -0.19273376, 0.0066833496, 9.495163
1399388284821786086, -0.20463562, 0.025726318, 9.464218
1399388284829598586, -0.18559265, 0.03286743, 9.497543
1399388284837411086, -0.19511414, 0.03048706, 9.452316
1399388284845223586, -0.18559265, 0.03048706, 9.552292
1399388284853036086, -0.1903534, 0.018585205, 9.471359
1399388284860848586, -0.16178894, 0.011444092, 9.495163
1399388284868661086, -0.22367859, -0.009979248, 9.47612
1399388284876473586, -0.14274597, 0.04714966, 9.530869
1399388284884286086, -0.14988708, -0.007598877, 9.421371
1399388284892098586, -0.1736908, 0.04953003, 9.447556
1399388284899911086, -0.19273376, 0.044769287, 9.471359
1399388284907723586, -0.20701599, 0.040008545, 9.445175
1399388284915536086, -0.20939636, 0.023345947, 9.495163
1399388284923348586, -0.18083191, 0.025726318, 9.464218
1399388284931161086, -0.22367859, 0.044769287, 9.4785
1399388284938973586, -0.14750671, 0.018585205, 9.447556
1399388284946786086, -0.1903534, -0.03616333, 9.399948
1399388284954598586, -0.14750671, -0.009979248, 9.868881
1399388284962411086, -0.24986267, -0.06472778, 9.435654
1399388284970223586, -0.2308197, 0.0043029785, 9.883163
1399388284978036086, -0.19273376, 0.023345947, 9.66655
1399388284985848586, -0.13798523, 0.009063721, 9.514206
1399388284993661086, -0.20225525, 0.0066833496, 9.423752
1399388285001473586, -0.20701599, -0.005218506, 9.428513
1399388285009286086, -0.18797302, -0.024261475, 9.745102
1399388285017098586, -0.16178894, -0.03378296, 9.392807
1399388285024911086, -0.1570282, 0.025726318, 9.392807
1399388285032723586, -0.19273376, 0.011444092, 9.497543
1399388285040536086, -0.19511414, -0.012359619, 9.3452
1399388285048348586, -0.12608337, -0.009979248, 9.41423
1399388285056161086, -0.19273376, 0.023345947, 9.47374
1399388285063973586, -0.17607117, 0.035247803, 9.342819
1399388285071786086, -0.19273376, 0.0519104, 9.333298
1399388285079598586, -0.17607117, 0.056671143, 9.502304
1399388285087411086, -0.19273376, 0.03048706, 9.578476
1399388285095223586, -0.20701599, 0.018585205, 9.361862
1399388285103036086, -0.16893005, -0.029022217, 9.528488
1399388285110848586, -0.20701599, -4.5776367E-4, 9.380905
1399388285118661086, -0.14512634, 0.020965576, 9.357101
1399388285126473586, -0.20463562, 0.020965576, 9.430893
1399388285134286086, -0.2141571, -0.007598877, 9.521347
1399388285142098586, -0.1903534, -0.01473999, 9.526108
1399388285149911086, -0.14274597, 0.068573, 9.502304
1399388285157723586, -0.21653748, 0.07333374, 9.388046
1399388285165536086, -0.20701599, 0.059051514, 9.442795
1399388285173348586, -0.18797302, 0.042388916, 9.416611
1399388285181161086, -0.18083191, -0.017120361, 9.468979
1399388285188973586, -0.2141571, -0.031402588, 9.497543
1399388285196786086, -0.1736908, 0.020965576, 9.509445
1399388285204598586, -0.14750671, 0.009063721, 9.418991
1399388285212411086, -0.18083191, 0.020965576, 9.54277
1399388285220223586, -0.18797302, 0.016204834, 9.495163
1399388285228036086, -0.16654968, -4.5776367E-4, 9.514206
1399388285235848586, -0.23796082, 0.02810669, 9.4665985
1399388285243661086, -0.20225525, 0.025726318, 9.468979
1399388285251473586, -0.1974945, 0.018585205, 9.423752
1399388285259286086, -0.20463562, -0.007598877, 9.442795
1399388285267098586, -0.17131042, 0.0019226074, 9.457077
1399388285274911086, -0.1736908, -0.01473999, 9.502304
1399388285282723586, -0.18559265, -0.048065186, 9.459457
1399388285290536086, -0.21177673, -0.024261475, 9.457077
1399388285298348586, -0.17131042, 0.0019226074, 9.452316
1399388285306161086, -0.19987488, 0.056671143, 9.454697
1399388285313973586, -0.1974945, 0.02810669, 9.449936
1399388285321786086, -0.18321228, 0.02810669, 9.561813
1399388285329598586, -0.20701599, 0.04953003, 9.369003
1399388285337411086, -0.16654968, -0.0028381348, 9.440414
1399388285345223586, -0.22367859, 0.037628174, 9.490402
1399388285353036086, -0.18083191, -4.5776367E-4, 9.480881
1399388285360848586, -0.20701599, -0.031402588, 9.423752
1399388285368661086, -0.16416931, 0.009063721, 9.4665985
1399388285376473586, -0.18321228, 0.020965576, 9.397568
1399388285384286086, -0.18321228, 0.037628174, 9.433273
1399388285392098586, -0.15464783, 0.056671143, 9.490402
1399388285399911086, -0.19987488, 0.059051514, 9.468979
1399388285407723586, -0.21177673, 0.02810669, 9.4785
1399388285415536086, -0.16178894, 0.040008545, 9.423752
1399388285423348586, -0.18797302, 0.0019226074, 9.4856415
1399388285431161086, -0.20463562, -0.005218506, 9.421371
1399388285438973586, -0.18083191, 0.0043029785, 9.511826
1399388285446786086, -0.15464783, 0.023345947, 9.438034
1399388285454598586, -0.22367859, 0.020965576, 9.461838
1399388285462411086, -0.22367859, 0.037628174, 9.47374
1399388285470223586, -0.21653748, 0.056671143, 9.464218
1399388285478036086, -0.15940857, 0.03286743, 9.449936
1399388285485848586, -0.21653748, 0.05429077, 9.457077
1399388285493661086, -0.19273376, 0.016204834, 9.504684
1399388285501473586, -0.17131042, -0.007598877, 9.4665985
1399388285509286086, -0.18797302, 0.03048706, 9.41423
1399388285517098586, -0.1736908, -0.007598877, 9.507065
1399388285524911086, -0.13560486, -0.031402588, 9.459457
1399388285532723586, -0.20463562, 0.0519104, 9.454697
1399388285540536086, -0.16654968, 0.0019226074, 9.509445
1399388285548348586, -0.17131042, 0.03286743, 9.47374
1399388285556161086, -0.19273376, 0.059051514, 9.516586
1399388285563973586, -0.18797302, 0.08999634, 9.454697
1399388285571786086, -0.18083191, 0.03048706, 9.526108
1399388285579598586, -0.19511414, 0.023345947, 9.452316
1399388285587411086, -0.20701599, 0.037628174, 9.416611
1399388285595223586, -0.23796082, 0.0043029785, 9.452316
1399388285603036086, -0.14988708, -0.007598877, 9.445175
1399388285610848586, -0.21653748, -0.021881104, 9.399948
1399388285618661086, -0.18797302, -0.009979248, 9.464218
1399388285626473586, -0.14988708, 0.013824463, 9.490402
1399388285634286086, -0.1903534, 0.0043029785, 9.447556
1399388285642098586, -0.22367859, 0.06619263, 9.416611
1399388285649911086, -0.18321228, 0.06619263, 9.452316
1399388285657723586, -0.19273376, 0.025726318, 9.495163
1399388285665536086, -0.18559265, 0.03286743, 9.499924
1399388285673348586, -0.20225525, -0.012359619, 9.41423
1399388285681161086, -0.1736908, 0.03286743, 9.404709
1399388285688973586, -0.20701599, -0.031402588, 9.461838
1399388285696786086, -0.18797302, 0.025726318, 9.523727
1399388285704598586, -0.17845154, 0.018585205, 9.438034
1399388285712411086, -0.21177673, 0.044769287, 9.449936
1399388285720223586, -0.15940857, 0.016204834, 9.471359
1399388285728036086, -0.16178894, 0.035247803, 9.449936
1399388285735848586, -0.18797302, 0.0519104, 9.464218
1399388285743661086, -0.1736908, 0.018585205, 9.504684
1399388285751473586, -0.21177673, 0.0043029785, 9.495163
1399388285759286086, -0.19987488, 0.020965576, 9.416611
1399388285767098586, -0.21891785, -0.0028381348, 9.502304
1399388285774911086, -0.19987488, 0.03048706, 9.428513
1399388285782723586, -0.2141571, 0.037628174, 9.499924
1399388285790536086, -0.22605896, -0.007598877, 9.4665985
1399388285798348586, -0.18083191, -0.007598877, 9.488022
1399388285806161086, -0.20225525, 0.056671143, 9.497543
1399388285813973586, -0.20225525, 0.03286743, 9.421371
1399388285821786086, -0.18797302, 0.059051514, 9.4665985
1399388285829598586, -0.19511414, 0.044769287, 9.490402
1399388285837411086, -0.19273376, 0.016204834, 9.435654
1399388285845223586, -0.19987488, 0.023345947, 9.445175
1399388285853036086, -0.15226746, -0.005218506, 9.521347
1399388285860848586, -0.19987488, -0.019500732, 9.449936
1399388285868661086, -0.20225525, 0.04714966, 9.516586
1399388285876473586, -0.17607117, -0.005218506, 9.423752
1399388285884286086, -0.15464783, 0.063812256, 9.471359
1399388285892098586, -0.18797302, 0.04953003, 9.464218
1399388285899911086, -0.21177673, 0.03286743, 9.526108
1399388285907723586, -0.17845154, 0.042388916, 9.516586
1399388285915536086, -0.19987488, 0.016204834, 9.445175
1399388285923348586, -0.18797302, -0.007598877, 9.4856415
1399388285931161086, -0.15226746, -0.0028381348, 9.4665985
1399388285938973586, -0.18559265, -0.0028381348, 9.464218
1399388285946786086, -0.18321228, 0.023345947, 9.416611
1399388285954598586, -0.19273376, 0.04714966, 9.509445
1399388285962411086, -0.17845154, 0.042388916, 9.471359
1399388285970223586, -0.18559265, 0.020965576, 9.459457
1399388285978036086, -0.1903534, 0.03048706, 9.428513
1399388285985848586, -0.2141571, 0.025726318, 9.47374
1399388285993661086, -0.18797302, 0.025726318, 9.507065
1399388286001473586, -0.1736908, -0.005218506, 9.442795
1399388286009286086, -0.19511414, 0.018585205, 9.4785
1399388286017098586, -0.19987488, 0.023345947, 9.457077
1399388286024911086, -0.18559265, 0.0043029785, 9.407089
1399388286032723586, -0.16893005, -0.01473999, 9.433273
1399388286040536086, -0.17845154, 0.016204834, 9.509445
1399388286048348586, -0.16893005, 0.056671143, 9.4665985
1399388286056161086, -0.16416931, 0.037628174, 9.468979
1399388286063973586, -0.18797302, -0.012359619, 9.452316
1399388286071786086, -0.18559265, 0.018585205, 9.41423
1399388286079598586, -0.16893005, -0.009979248, 9.47612
1399388286087411086, -0.17845154, 0.009063721, 9.561813
1399388286095223586, -0.18321228, 0.03048706, 9.483261
1399388286103036086, -0.20701599, 0.011444092, 9.514206
1399388286110848586, -0.12608337, 0.013824463, 9.438034
1399388286118661086, -0.16654968, 0.040008545, 9.480881
1399388286126473586, -0.21653748, -0.005218506, 9.516586
1399388286134286086, -0.20939636, 0.03286743, 9.449936
1399388286142098586, -0.16416931, 0.068573, 9.464218
1399388286149911086, -0.18559265, 0.037628174, 9.490402
1399388286157723586, -0.19987488, 0.037628174, 9.430893
1399388286165536086, -0.22129822, 0.035247803, 9.47612
1399388286173348586, -0.1903534, -4.5776367E-4, 9.133347
1399388286181161086, -0.13322449, 0.023345947, 9.60466
1399388286188973586, -0.16893005, 0.07095337, 8.738205
1399388286196786086, -0.22605896, 0.023345947, 9.019089
1399388286204598586, -0.1403656, 0.08047485, 9.590378
1399388286212411086, -0.2141571, 0.044769287, 9.585617
1399388286220223586, -0.2141571, -0.03616333, 9.60228
1399388286228036086, -0.2308197, 0.025726318, 9.60704
1399388286235848586, -0.16178894, -4.5776367E-4, 9.438034
1399388286243661086, -0.16654968, 0.011444092, 9.521347
1399388286251473586, -0.21177673, -0.040924072, 9.202377
1399388286259286086, -0.20701599, -0.024261475, 9.552292
1399388286267098586, -0.1974945, -0.031402588, 9.707016
1399388286274911086, -0.21653748, -0.007598877, 9.442795
1399388286282723586, -0.13560486, 0.05429077, 9.288071
1399388286290536086, -0.21177673, 0.042388916, 9.3452
1399388286298348586, -0.17607117, 0.08047485, 9.438034
1399388286306161086, -0.21177673, 0.056671143, 9.587997
1399388286313973586, -0.18083191, 0.025726318, 9.526108
1399388286321786086, -0.18083191, 0.018585205, 9.578476
1399388286329598586, -0.14512634, -0.031402588, 9.442795
1399388286337411086, -0.14512634, -0.03378296, 9.41185
1399388286345223586, -0.17131042, 0.018585205, 9.428513
1399388286353036086, -0.19511414, 0.0043029785, 9.507065
1399388286360848586, -0.24510193, -0.009979248, 9.416611
1399388286368661086, -0.20701599, 0.0043029785, 9.566574
1399388286376473586, -0.15940857, 0.040008545, 9.47374
1399388286384286086, -0.19511414, 0.059051514, 9.428513
1399388286392098586, -0.21177673, 0.02810669, 9.483261
1399388286399911086, -0.18321228, -0.01473999, 9.521347
1399388286407723586, -0.1736908, -0.043304443, 9.471359
1399388286415536086, -0.19511414, -0.0385437, 9.385666
1399388286423348586, -0.20225525, -0.026641846, 9.592758
1399388286431161086, -0.15940857, -0.009979248, 9.464218
1399388286438973586, -0.15940857, 0.037628174, 9.4665985
1399388286446786086, -0.20225525, 0.07571411, 9.380905
1399388286454598586, -0.2141571, 0.016204834, 9.483261
1399388286462411086, -0.20939636, 0.0519104, 9.438034
1399388286470223586, -0.15940857, 0.0019226074, 9.504684
1399388286478036086, -0.20225525, 0.009063721, 9.457077
1399388286485848586, -0.1903534, 0.013824463, 9.568954
1399388286493661086, -0.16893005, -0.03378296, 9.357101
1399388286501473586, -0.16654968, -0.017120361, 9.547531
1399388286509286086, -0.18797302, -0.009979248, 9.361862
1399388286517098586, -0.22367859, 0.016204834, 9.509445
1399388286524911086, -0.16893005, 0.0043029785, 9.514206
1399388286532723586, -0.16654968, 0.040008545, 9.428513
1399388286540536086, -0.1903534, 0.059051514, 9.47612
1399388286548348586, -0.17845154, 0.063812256, 9.518967
1399388286556161086, -0.20225525, 0.035247803, 9.326157
1399388286563973586, -0.15464783, 0.016204834, 9.488022
1399388286571786086, -0.1974945, 0.016204834, 9.397568
1399388286579598586, -0.22129822, -0.012359619, 9.528488
1399388286587411086, -0.21177673, -0.017120361, 9.373764
1399388286595223586, -0.20225525, -0.0028381348, 9.483261
1399388286603036086, -0.2546234, 0.011444092, 9.459457
1399388286610848586, -0.18321228, 0.020965576, 9.459457
1399388286618661086, -0.2546234, 0.044769287, 9.490402
1399388286626473586, -0.22605896, 0.023345947, 9.502304
1399388286634286086, -0.20463562, 0.063812256, 9.507065
1399388286642098586, -0.2141571, 0.020965576, 9.518967
1399388286649911086, -0.18321228, 0.02810669, 9.357101
1399388286657723586, -0.18321228, 0.025726318, 9.488022
1399388286665536086, -0.14750671, 0.011444092, 9.435654
1399388286673348586, -0.15940857, -0.031402588, 9.440414
1399388286681161086, -0.20225525, -0.007598877, 9.423752
1399388286688973586, -0.20225525, 0.056671143, 9.504684
1399388286696786086, -0.2474823, 0.0019226074, 9.499924
1399388286704598586, -0.2141571, 0.037628174, 9.468979
1399388286712411086, -0.2141571, 0.044769287, 9.54039
1399388286720223586, -0.23796082, 0.04714966, 9.41423
1399388286728036086, -0.20939636, -0.007598877, 9.404709
1399388286735848586, -0.16416931, 0.018585205, 9.457077
1399388286743661086, -0.17607117, -0.019500732, 9.4856415
1399388286751473586, -0.20701599, 0.013824463, 9.461838
1399388286759286086, -0.17131042, -0.01473999, 9.449936
1399388286767098586, -0.21177673, -0.007598877, 9.4785
1399388286774911086, -0.16654968, 0.025726318, 9.471359
1399388286782723586, -0.1403656, 0.063812256, 9.490402
1399388286790536086, -0.18559265, 0.04714966, 9.395187
1399388286798348586, -0.20225525, 0.056671143, 9.47612
1399388286806161086, -0.17845154, 0.011444092, 9.4665985
1399388286813973586, -0.19273376, -4.5776367E-4, 9.468979
1399388286821786086, -0.1903534, -0.005218506, 9.440414
1399388286829598586, -0.24510193, -0.007598877, 9.464218
1399388286837411086, -0.18559265, -0.007598877, 9.40947
1399388286845223586, -0.1903534, -0.067108154, 9.438034
1399388286853036086, -0.18797302, 0.009063721, 9.459457
1399388286860848586, -0.20701599, 0.013824463, 9.528488
1399388286868661086, -0.18559265, 0.0519104, 9.376144
1399388286876473586, -0.16178894, 0.07095337, 9.421371
1399388286884286086, -0.1736908, 0.082855225, 9.530869
1399388286892098586, -0.16654968, -0.007598877, 9.497543
1399388286899911086, -0.2141571, -0.005218506, 9.338058
1399388286907723586, -0.17845154, 0.0019226074, 9.4856415
1399388286915536086, -0.18083191, -0.021881104, 9.426132
1399388286923348586, -0.22367859, -0.012359619, 9.454697
1399388286931161086, -0.22367859, 0.009063721, 9.492783
1399388286938973586, -0.1736908, 0.03048706, 9.457077
1399388286946786086, -0.20225525, 0.020965576, 9.418991
1399388286954598586, -0.25700378, 0.025726318, 9.502304
1399388286962411086, -0.2141571, 0.06619263, 9.492783
1399388286970223586, -0.17607117, 0.02810669, 9.499924
1399388286978036086, -0.19273376, 0.0043029785, 9.373764
1399388286985848586, -0.2141571, -0.029022217, 9.47612
1399388286993661086, -0.21891785, -0.0028381348, 9.4665985
1399388287001473586, -0.13084412, -4.5776367E-4, 9.492783
1399388287009286086, -0.1736908, -0.009979248, 9.447556
1399388287017098586, -0.18559265, 0.020965576, 9.47374
1399388287024911086, -0.19273376, 0.037628174, 9.449936
1399388287032723586, -0.19511414, 0.020965576, 9.421371
1399388287040536086, -0.19273376, 0.018585205, 9.480881
1399388287048348586, -0.19511414, 0.020965576, 9.535629
1399388287056161086, -0.21653748, 0.013824463, 9.426132
1399388287063973586, -0.1570282, 0.009063721, 9.41185
1399388287071786086, -0.19273376, 0.013824463, 9.416611
1399388287079598586, -0.18083191, -0.009979248, 9.523727
1399388287087411086, -0.15940857, 0.04714966, 9.442795
1399388287095223586, -0.13084412, -0.009979248, 9.430893
1399388287103036086, -0.1736908, 0.040008545, 9.454697
1399388287110848586, -0.20939636, 0.03048706, 9.459457
1399388287118661086, -0.21653748, 0.03048706, 9.433273
1399388287126473586, -0.18559265, 0.011444092, 9.60228
1399388287134286086, -0.16416931, 0.035247803, 9.4665985
1399388287142098586, -0.18559265, 0.018585205, 9.495163
1399388287149911086, -0.21891785, -4.5776367E-4, 9.4665985
1399388287157723586, -0.1903534, 0.013824463, 9.464218
1399388287165536086, -0.20939636, -0.03616333, 9.468979
1399388287173348586, -0.19273376, -0.031402588, 9.4856415
1399388287181161086, -0.19273376, 0.037628174, 9.423752
1399388287188973586, -0.20463562, 0.025726318, 9.483261
1399388287196786086, -0.1903534, 0.025726318, 9.495163
1399388287204598586, -0.1570282, 0.040008545, 9.521347
1399388287212411086, -0.19511414, 0.020965576, 9.454697
1399388287220223586, -0.1903534, 0.013824463, 9.502304
1399388287228036086, -0.17131042, -0.0028381348, 9.457077
1399388287235848586, -0.22129822, -0.005218506, 9.435654
1399388287243661086, -0.18321228, -0.021881104, 9.452316
1399388287251473586, -0.20701599, 0.011444092, 9.502304
1399388287259286086, -0.16416931, -0.026641846, 9.449936
1399388287267098586, -0.1974945, 0.011444092, 9.4785
1399388287274911086, -0.18559265, 0.04714966, 9.564194
1399388287282723586, -0.20939636, 0.042388916, 9.418991
1399388287290536086, -0.18083191, 0.025726318, 9.464218
1399388287298348586, -0.20463562, -4.5776367E-4, 9.435654
1399388287306161086, -0.1903534, 0.025726318, 9.454697
1399388287313973586, -0.19273376, -0.01473999, 9.404709
1399388287321786086, -0.1903534, 0.0043029785, 8.947678
1399388287329598586, -0.22843933, -0.040924072, 9.833176
1399388287337411086, -0.14750671, -0.045684814, 10.3068695
1399388287345223586, -0.21177673, 0.018585205, 9.202377
1399388287353036086, -0.22129822, 0.061431885, 9.435654
1399388287360848586, -0.18321228, 0.042388916, 9.426132
1399388287368661086, -0.18321228, 0.04714966, 9.6974945
1399388287376473586, -0.15940857, -0.007598877, 9.178574
1399388287384286086, -0.17845154, -0.040924072, 9.954575
1399388287392098586, -0.2546234, -0.029022217, 9.530869
1399388287399911086, -0.16416931, 0.011444092, 9.511826
1399388287407723586, -0.14750671, 0.009063721, 9.361862
1399388287415536086, -0.13084412, 0.042388916, 9.483261
1399388287423348586, -0.19511414, 0.013824463, 9.611801
1399388287431161086, -0.21891785, -0.012359619, 9.426132
1399388287438973586, -0.16416931, 0.04714966, 9.652267
1399388287446786086, -0.19273376, 0.03286743, 9.352341
1399388287454598586, -0.16416931, 0.037628174, 9.292831
1399388287462411086, -0.15226746, 0.016204834, 9.661789
1399388287470223586, -0.20225525, 0.0019226074, 9.559433
1399388287478036086, -0.23558044, -0.043304443, 9.47374
1399388287485848586, -0.18797302, -0.045684814, 9.428513
1399388287493661086, -0.22129822, 0.020965576, 9.4023285
1399388287501473586, -0.19987488, 0.04714966, 9.421371
1399388287509286086, -0.19511414, 0.03048706, 9.423752
1399388287517098586, -0.1974945, -0.019500732, 9.530869
1399388287524911086, -0.19273376, 0.03286743, 9.590378
1399388287532723586, -0.18797302, 0.063812256, 9.442795
1399388287540536086, -0.1974945, 0.08999634, 9.445175
1399388287548348586, -0.16178894, 0.0019226074, 9.430893
1399388287556161086, -0.24272156, -0.062347412, 9.514206
1399388287563973586, -0.22367859, -0.026641846, 9.407089
1399388287571786086, -0.16416931, -0.01473999, 9.621323
1399388287579598586, -0.16178894, 0.0066833496, 9.278549
1399388287587411086, -0.17845154, 0.068573, 9.4856415
1399388287595223586, -0.18797302, 0.042388916, 9.497543
1399388287603036086, -0.18559265, 0.035247803, 9.4856415
1399388287610848586, -0.18559265, 0.0019226074, 9.514206
1399388287618661086, -0.14512634, 0.020965576, 9.392807
1399388287626473586, -0.17607117, -0.0028381348, 9.388046
1399388287634286086, -0.20701599, 0.0019226074, 9.630844
1399388287642098586, -0.17131042, 0.023345947, 9.426132
1399388287649911086, -0.1974945, -0.03616333, 9.509445
1399388287657723586, -0.16416931, 0.03286743, 9.418991
1399388287665536086, -0.21177673, 0.04714966, 9.480881
1399388287673348586, -0.14512634, -0.0028381348, 9.423752
1399388287681161086, -0.19273376, 0.044769287, 9.452316
1399388287688973586, -0.16654968, 0.02810669, 9.507065
1399388287696786086, -0.1974945, 0.037628174, 9.576096
1399388287704598586, -0.18321228, 0.0066833496, 9.433273
1399388287712411086, -0.16654968, -0.0028381348, 9.483261
1399388287720223586, -0.20463562, 0.016204834, 9.3832855
1399388287728036086, -0.17607117, 0.025726318, 9.590378
1399388287735848586, -0.20225525, -0.050445557, 9.378525
1399388287743661086, -0.22129822, 0.018585205, 9.521347
1399388287751473586, -0.21177673, 0.056671143, 9.457077
1399388287759286086, -0.18083191, 0.07095337, 9.495163
1399388287767098586, -0.19511414, 0.05429077, 9.423752
1399388287774911086, -0.2141571, 0.025726318, 9.54039
1399388287782723586, -0.19511414, -4.5776367E-4, 9.495163
1399388287790536086, -0.16416931, 0.02810669, 9.533249
1399388287798348586, -0.18321228, 0.016204834, 9.380905
1399388287806161086, -0.18083191, 0.018585205, 9.4785
1399388287813973586, -0.17131042, -0.017120361, 9.483261
1399388287821786086, -0.16416931, -0.019500732, 9.433273
1399388287829598586, -0.26176453, 0.016204834, 9.499924
1399388287837411086, -0.17607117, 0.04953003, 9.60228
1399388287845223586, -0.15940857, 0.025726318, 9.407089
1399388287853036086, -0.18083191, 0.035247803, 9.421371
1399388287860848586, -0.21653748, 0.02810669, 9.457077
1399388287868661086, -0.24272156, -0.01473999, 9.457077
1399388287876473586, -0.19273376, -0.01473999, 9.492783
1399388287884286086, -0.16893005, 0.0066833496, 9.502304
1399388287892098586, -0.123703, 0.037628174, 9.471359
1399388287899911086, -0.18559265, 0.03048706, 9.4665985
1399388287907723586, -0.1903534, -0.017120361, 9.445175
1399388287915536086, -0.21177673, 0.03048706, 9.514206
1399388287923348586, -0.20939636, -0.024261475, 9.459457
1399388287931161086, -0.2308197, 0.037628174, 9.4785
1399388287938973586, -0.24034119, 0.063812256, 9.447556
1399388287946786086, -0.1736908, 0.068573, 9.407089
1399388287954598586, -0.17607117, 0.018585205, 9.433273
1399388287962411086, -0.20701599, 0.016204834, 9.499924
1399388287970223586, -0.20463562, -0.026641846, 9.438034
1399388287978036086, -0.1974945, 0.018585205, 9.504684
1399388287985848586, -0.17845154, -0.012359619, 9.404709
1399388287993661086, -0.16654968, 0.0043029785, 9.492783
1399388288001473586, -0.1736908, 0.02810669, 9.442795
1399388288009286086, -0.22605896, 0.016204834, 9.480881
1399388288017098586, -0.18797302, 0.011444092, 9.445175
1399388288024911086, -0.1736908, 0.023345947, 9.47374
1399388288032723586, -0.22129822, 0.025726318, 9.492783
1399388288040536086, -0.19987488, -0.03616333, 9.459457
1399388288048348586, -0.2141571, 0.0043029785, 9.488022
1399388288056161086, -0.18559265, -4.5776367E-4, 9.459457
1399388288063973586, -0.1974945, -0.005218506, 9.380905
1399388288071786086, -0.16654968, 0.044769287, 9.483261
1399388288079598586, -0.18321228, 0.056671143, 9.488022
1399388288087411086, -0.20225525, 0.0019226074, 9.511826
1399388288095223586, -0.17131042, 0.03048706, 9.459457
1399388288103036086, -0.20463562, -0.005218506, 9.471359
1399388288110848586, -0.2141571, 0.03048706, 9.468979
1399388288118661086, -0.15940857, 0.013824463, 9.352341
1399388288126473586, -0.19273376, 0.025726318, 9.452316
1399388288134286086, -0.20701599, -0.024261475, 9.514206
1399388288142098586, -0.20225525, 0.023345947, 9.497543
1399388288149911086, -0.22367859, 0.016204834, 9.47612
1399388288157723586, -0.20939636, 0.03048706, 9.454697
1399388288165536086, -0.18797302, 0.037628174, 9.338058
1399388288173348586, -0.1736908, 0.02810669, 9.511826
1399388288181161086, -0.21653748, 0.025726318, 9.459457
1399388288188973586, -0.17131042, 0.009063721, 9.428513
1399388288196786086, -0.21177673, 0.040008545, 9.523727
1399388288204598586, -0.20939636, 0.020965576, 9.421371
1399388288212411086, -0.18797302, 0.009063721, 9.447556
1399388288220223586, -0.16654968, -0.017120361, 9.518967
1399388288228036086, -0.15940857, 0.025726318, 9.452316
1399388288235848586, -0.19273376, -0.021881104, 9.480881
1399388288243661086, -0.19987488, 0.025726318, 9.435654
1399388288251473586, -0.2141571, 0.04953003, 9.428513
1399388288259286086, -0.1974945, -0.005218506, 9.483261
1399388288267098586, -0.1903534, 0.044769287, 9.4856415
1399388288274911086, -0.20939636, 0.018585205, 9.504684
1399388288282723586, -0.21177673, -0.01473999, 9.468979
1399388288290536086, -0.18797302, -0.021881104, 9.459457
1399388288298348586, -0.22605896, 0.0043029785, 9.483261
1399388288306161086, -0.18797302, -0.009979248, 9.449936
1399388288313973586, -0.18083191, -0.012359619, 9.511826
1399388288321786086, -0.1736908, 0.042388916, 9.449936
1399388288329598586, -0.21653748, 0.040008545, 9.449936
1399388288337411086, -0.21177673, 0.063812256, 9.495163
1399388288345223586, -0.18797302, 0.044769287, 9.468979
1399388288353036086, -0.21891785, 0.03048706, 9.447556
1399388288360848586, -0.22843933, 0.023345947, 9.471359
1399388288368661086, -0.19987488, 0.013824463, 9.464218
1399388288376473586, -0.17845154, 0.0066833496, 9.438034
1399388288384286086, -0.18559265, -0.009979248, 9.464218
1399388288392098586, -0.2141571, 0.025726318, 9.468979
1399388288399911086, -0.1903534, 0.035247803, 9.497543
1399388288407723586, -0.19511414, -0.024261475, 9.449936
1399388288415536086, -0.20463562, -0.007598877, 9.514206
1399388288423348586, -0.20463562, 0.03286743, 9.468979
1399388288431161086, -0.16654968, 0.03048706, 9.423752
1399388288438973586, -0.16416931, 0.0519104, 9.54039
1399388288446786086, -0.20701599, 0.04953003, 9.457077
1399388288454598586, -0.2141571, -0.009979248, 9.447556
1399388288462411086, -0.17607117, 0.018585205, 9.511826
1399388288470223586, -0.18797302, 0.03048706, 9.438034
1399388288478036086, -0.20225525, 0.013824463, 9.447556
1399388288485848586, -0.19273376, -0.024261475, 9.461838
1399388288493661086, -0.18797302, -0.005218506, 9.533249
1399388288501473586, -0.20939636, 0.09713745, 8.757248
1399388288509286086, -0.03086853, 0.11141968, 9.621323
1399388288517098586, -0.10227966, 0.063812256, 9.28331
1399388288524911086, -0.16654968, 0.011444092, 10.233078
1399388288532723586, -0.19511414, -0.019500732, 8.914352
1399388288540536086, -0.21891785, 0.044769287, 9.426132
1399388288548348586, -0.20939636, -0.03378296, 9.47374
1399388288556161086, -0.18797302, 0.0519104, 9.454697
1399388288563973586, -0.18083191, 0.037628174, 9.278549
1399388288571786086, -0.19273376, -0.021881104, 9.678452
1399388288579598586, -0.20701599, -0.031402588, 9.271408
1399388288587411086, -0.17845154, -0.007598877, 9.692734
1399388288595223586, -0.23558044, 0.0066833496, 9.438034
1399388288603036086, -0.19987488, -4.5776367E-4, 9.516586
1399388288610848586, -0.13560486, 0.08047485, 9.352341
1399388288618661086, -0.1903534, 0.068573, 9.335678
1399388288626473586, -0.18321228, 0.05429077, 9.564194
1399388288634286086, -0.19273376, 0.0519104, 9.661789
1399388288642098586, -0.20939636, 0.0066833496, 9.21666
1399388288649911086, -0.1570282, 0.013824463, 9.266647
1399388288657723586, -0.23320007, 0.023345947, 9.490402
1399388288665536086, -0.1736908, -0.029022217, 9.438034
1399388288673348586, -0.18321228, 0.020965576, 9.490402
1399388288681161086, -0.1974945, 0.03048706, 9.595139
1399388288688973586, -0.23320007, -0.005218506, 9.395187
1399388288696786086, -0.18321228, 0.023345947, 9.516586
1399388288704598586, -0.17845154, 0.068573, 9.516586
1399388288712411086, -0.1903534, 0.08761597, 9.521347
1399388288720223586, -0.19273376, 0.061431885, 9.461838
1399388288728036086, -0.16893005, 0.02810669, 9.464218
1399388288735848586, -0.14988708, -4.5776367E-4, 9.552292
1399388288743661086, -0.19511414, -0.03616333, 9.369003
1399388288751473586, -0.15940857, 0.0019226074, 9.3190155
1399388288759286086, -0.18321228, 0.02810669, 9.499924
1399388288767098586, -0.18559265, 0.07809448, 9.471359
1399388288774911086, -0.18797302, 0.037628174, 9.4665985
1399388288782723586, -0.18559265, 0.063812256, 9.464218
1399388288790536086, -0.18083191, 0.0066833496, 9.407089
1399388288798348586, -0.12608337, 0.016204834, 9.580856
1399388288806161086, -0.19273376, 0.020965576, 9.447556
1399388288813973586, -0.19511414, 0.011444092, 9.640366
1399388288821786086, -0.20463562, -0.0385437, 9.352341
1399388288829598586, -0.16416931, 0.0066833496, 9.530869
1399388288837411086, -0.21177673, -0.007598877, 9.526108
1399388288845223586, -0.19511414, 0.023345947, 9.54039
1399388288853036086, -0.23320007, 0.0019226074, 9.499924
1399388288860848586, -0.16178894, 0.0066833496, 9.392807
1399388288868661086, -0.1736908, 0.061431885, 9.47612
1399388288876473586, -0.18797302, 0.04714966, 9.4856415
1399388288884286086, -0.2546234, -0.024261475, 9.333298
1399388288892098586, -0.24034119, 0.03048706, 9.54277
1399388288899911086, -0.1736908, -4.5776367E-4, 9.423752
1399388288907723586, -0.20225525, 0.011444092, 9.438034
1399388288915536086, -0.17845154, -0.026641846, 9.4665985
1399388288923348586, -0.19273376, -0.009979248, 9.407089
1399388288931161086, -0.14274597, 0.018585205, 9.449936
1399388288938973586, -0.19987488, 0.037628174, 9.502304
1399388288946786086, -0.20939636, 0.018585205, 9.497543
1399388288954598586, -0.14988708, 0.03048706, 9.535629
1399388288962411086, -0.1974945, 0.023345947, 9.509445
1399388288970223586, -0.18559265, -0.005218506, 9.509445
1399388288978036086, -0.2141571, 0.020965576, 9.554672
1399388288985848586, -0.18559265, -0.05758667, 9.449936
1399388288993661086, -0.1736908, -0.024261475, 9.435654
1399388289001473586, -0.17607117, 0.009063721, 9.511826
1399388289009286086, -0.19987488, -0.005218506, 9.373764
1399388289017098586, -0.1903534, 0.056671143, 9.488022
1399388289024911086, -0.19511414, 0.063812256, 9.483261
1399388289032723586, -0.1974945, 0.04953003, 9.511826
1399388289040536086, -0.1403656, 0.037628174, 9.516586
1399388289048348586, -0.16654968, 0.037628174, 9.47374
1399388289056161086, -0.16654968, 0.02810669, 9.445175
1399388289063973586, -0.18083191, 0.03048706, 9.480881
1399388289071786086, -0.16416931, 0.011444092, 9.497543
1399388289079598586, -0.17845154, -0.01473999, 9.464218
1399388289087411086, -0.17845154, 0.0066833496, 9.454697
1399388289095223586, -0.1974945, 0.0019226074, 9.514206
1399388289103036086, -0.1903534, 0.04714966, 9.423752
1399388289110848586, -0.1903534, 0.020965576, 9.41423
1399388289118661086, -0.22367859, 0.035247803, 9.518967
1399388289126473586, -0.18321228, 0.016204834, 9.459457
1399388289134286086, -0.20939636, 0.03048706, 9.433273
1399388289142098586, -0.25224304, 0.011444092, 9.4856415
1399388289149911086, -0.18559265, -0.029022217, 9.435654
1399388289157723586, -0.21177673, -0.021881104, 9.388046
1399388289165536086, -0.12846375, 0.0043029785, 9.499924
1399388289173348586, -0.18559265, 0.011444092, 9.4023285
1399388289181161086, -0.18559265, 0.020965576, 9.438034
1399388289188973586, -0.18559265, 0.011444092, 9.483261
1399388289196786086, -0.21177673, 0.042388916, 9.516586
1399388289204598586, -0.17845154, 0.035247803, 9.480881
1399388289212411086, -0.17845154, 0.07571411, 9.547531
1399388289220223586, -0.17131042, 0.059051514, 9.468979
1399388289228036086, -0.18559265, 0.0043029785, 9.514206
1399388289235848586, -0.1903534, -0.01473999, 9.523727
1399388289243661086, -0.21891785, -0.005218506, 9.516586
1399388289251473586, -0.20701599, 0.013824463, 9.399948
1399388289259286086, -0.21653748, 0.0019226074, 9.378525
1399388289267098586, -0.18083191, 0.025726318, 9.590378
1399388289274911086, -0.22129822, 0.061431885, 9.404709
1399388289282723586, -0.22605896, 0.061431885, 9.461838
1399388289290536086, -0.19987488, 0.04953003, 9.492783
1399388289298348586, -0.2308197, 0.025726318, 9.423752
1399388289306161086, -0.18797302, 0.025726318, 9.442795
1399388289313973586, -0.18083191, -0.005218506, 9.495163
1399388289321786086, -0.18083191, 0.0043029785, 9.416611
1399388289329598586, -0.20939636, 0.0043029785, 9.454697
1399388289337411086, -0.20463562, 0.020965576, 9.468979
1399388289345223586, -0.18797302, 0.0519104, 9.435654
1399388289353036086, -0.21653748, 0.056671143, 9.464218
1399388289360848586, -0.19511414, 0.03048706, 9.521347
1399388289368661086, -0.17845154, 0.02810669, 9.552292
1399388289376473586, -0.15940857, 0.042388916, 9.526108
1399388289384286086, -0.20939636, 0.0043029785, 9.4856415
1399388289392098586, -0.1903534, 0.009063721, 9.430893
1399388289399911086, -0.15226746, 0.0043029785, 9.416611
1399388289407723586, -0.19511414, 0.020965576, 9.523727
1399388289415536086, -0.1736908, -0.007598877, 9.418991
1399388289423348586, -0.22843933, -0.007598877, 9.514206
1399388289431161086, -0.18559265, -0.009979248, 9.483261
1399388289438973586, -0.16654968, -0.005218506, 9.4856415
1399388289446786086, -0.18321228, 0.05429077, 9.442795
1399388289454598586, -0.1570282, 0.02810669, 9.516586
1399388289462411086, -0.1903534, 0.042388916, 9.518967
1399388289470223586, -0.21891785, 0.018585205, 9.41423
1399388289478036086, -0.22129822, 0.0019226074, 9.511826
1399388289485848586, -0.1903534, 0.0019226074, 9.423752
1399388289493661086, -0.21653748, -4.5776367E-4, 9.421371
1399388289501473586, -0.20939636, -0.031402588, 9.464218
1399388289509286086, -0.18797302, 0.020965576, 9.509445
1399388289517098586, -0.20225525, 0.061431885, 9.47374
1399388289524911086, -0.19511414, 0.03286743, 9.435654
1399388289532723586, -0.17131042, 0.06619263, 9.464218
1399388289540536086, -0.20701599, 0.020965576, 9.516586
1399388289548348586, -0.1903534, -4.5776367E-4, 9.418991
1399388289556161086, -0.18797302, 0.0019226074, 9.488022
1399388289563973586, -0.19273376, -0.009979248, 9.457077
1399388289571786086, -0.22843933, -0.009979248, 9.435654
1399388289579598586, -0.19273376, 0.018585205, 9.514206
1399388289587411086, -0.21177673, -0.005218506, 9.390427
1399388289595223586, -0.23320007, 0.056671143, 9.464218
1399388289603036086, -0.22605896, 0.035247803, 9.526108
1399388289610848586, -0.16893005, 0.016204834, 9.423752
1399388289618661086, -0.20225525, 0.011444092, 9.447556
1399388289626473586, -0.15940857, 0.04953003, 9.511826
1399388289634286086, -0.1974945, 0.0019226074, 9.447556
1399388289642098586, -0.20939636, -0.007598877, 9.468979
1399388289649911086, -0.18797302, 0.011444092, 9.502304
1399388289657723586, -0.15226746, 0.011444092, 9.421371
1399388289665536086, -0.17607117, -0.017120361, 9.433273
1399388289673348586, -0.21177673, -4.5776367E-4, 9.499924
1399388289681161086, -0.20701599, 0.020965576, 9.442795
1399388289688973586, -0.23796082, 0.044769287, 9.483261
1399388289696786086, -0.1974945, 0.03286743, 9.492783
1399388289704598586, -0.22605896, 0.0019226074, 9.464218
1399388289712411086, -0.1974945, -0.012359619, 9.4665985
1399388289720223586, -0.1736908, 0.016204834, 9.523727
1399388289728036086, -0.16654968, 0.020965576, 9.468979
1399388289735848586, -0.19987488, 0.020965576, 9.440414
1399388289743661086, -0.18559265, 0.009063721, 9.390427
1399388289751473586, -0.18321228, 0.009063721, 9.457077
1399388289759286086, -0.18797302, 0.037628174, 9.468979
1399388289767098586, -0.17131042, 0.03286743, 9.497543
1399388289774911086, -0.18083191, 0.063812256, 9.47612
1399388289782723586, -0.20463562, 0.06619263, 9.464218
1399388289790536086, -0.21177673, 0.056671143, 9.471359
1399388289798348586, -0.19511414, 0.042388916, 9.490402
1399388289806161086, -0.21653748, 0.013824463, 9.488022
1399388289813973586, -0.19511414, -0.007598877, 9.468979
1399388289821786086, -0.20701599, 0.009063721, 9.511826
1399388289829598586, -0.22367859, 0.0043029785, 9.492783
1399388289837411086, -0.20225525, 0.02810669, 9.459457
1399388289845223586, -0.1903534, 0.03048706, 9.533249
1399388289853036086, -0.1974945, 0.025726318, 9.504684
1399388289860848586, -0.18797302, 0.037628174, 9.445175
1399388289868661086, -0.17845154, 0.011444092, 9.552292
1399388289876446729, -0.21177673, 0.04953003, 9.514206
1399388289884259229, -0.1903534, -0.021881104, 9.447556
1399388289892071729, -0.21891785, -0.01473999, 9.511826
1399388289899884229, -0.1903534, 0.0066833496, 9.454697
1399388289907696729, -0.18797302, 0.025726318, 9.47374
1399388289915509229, -0.17131042, -0.012359619, 9.480881
1399388289923321729, -0.22843933, 0.037628174, 9.518967
1399388289931134229, -0.20225525, 0.0019226074, 9.452316
1399388289938946729, -0.1974945, 0.020965576, 9.4665985
1399388289946759229, -0.2141571, 0.016204834, 9.4785
1399388289954571729, -0.1903534, 0.025726318, 9.4856415
1399388289962384229, -0.22843933, 0.0043029785, 9.483261
1399388289970196729, -0.18797302, 0.009063721, 9.504684
1399388289978009229, -0.15464783, 0.037628174, 9.445175
1399388289985821729, -0.1736908, 0.009063721, 9.457077
1399388289993634229, -0.20225525, -0.040924072, 9.528488
1399388290001446729, -0.1903534, 0.044769287, 9.502304
1399388290009259229, -0.20463562, -0.012359619, 9.468979
1399388290017071729, -0.1903534, 0.03048706, 9.47612
1399388290024884229, -0.19273376, 0.023345947, 9.497543
1399388290032696729, -0.20939636, 0.03048706, 9.435654
1399388290040509229, -0.20939636, -0.012359619, 9.418991
1399388290048321729, -0.1570282, 0.025726318, 9.4023285
1399388290056134229, -0.21891785, -0.021881104, 9.47612
1399388290063946729, -0.18083191, -0.017120361, 9.483261
1399388290071759229, -0.21653748, -0.019500732, 9.495163
1399388290079571729, -0.1974945, 0.0019226074, 9.438034
1399388290087384229, -0.15940857, 0.0043029785, 9.438034
1399388290095196729, -0.18797302, 0.037628174, 9.461838
1399388290103009229, -0.20225525, 0.082855225, 9.452316
1399388290110821729, -0.19273376, 0.020965576, 9.4785
1399388290118634229, -0.17131042, -4.5776367E-4, 9.4785
1399388290126446729, -0.18797302, -0.029022217, 9.511826
1399388290134259229, -0.19273376, 0.018585205, 9.447556
1399388290142071729, -0.21177673, 0.009063721, 9.433273
1399388290149884229, -0.1736908, -0.007598877, 9.4856415
1399388290157696729, -0.1403656, 0.0019226074, 9.459457
1399388290165509229, -0.18559265, 0.016204834, 9.468979
1399388290173321729, -0.18797302, 0.0043029785, 9.480881
1399388290181134229, -0.20225525, 0.016204834, 9.440414
1399388290188946729, -0.22129822, 0.037628174, 9.447556
1399388290196759229, -0.2141571, 0.063812256, 9.41185
1399388290204571729, -0.19273376, 0.05429077, 9.511826
1399388290212384229, -0.1903534, 0.020965576, 9.471359
1399388290220196729, -0.23320007, 0.0519104, 9.447556
1399388290228009229, -0.1736908, -0.007598877, 9.483261
1399388290235821729, -0.2141571, 0.018585205, 9.492783
1399388290243634229, -0.1903534, 0.03048706, 9.40947
1399388290251446729, -0.20701599, 0.0519104, 9.468979
1399388290259259229, -0.20939636, -0.007598877, 9.488022
1399388290267071729, -0.20225525, 0.037628174, 9.483261
1399388290274884229, -0.20701599, 0.044769287, 9.468979
1399388290282696729, -0.2308197, 0.02810669, 9.514206
1399388290290509229, -0.19987488, 0.023345947, 9.442795
1399388290298321729, -0.19273376, 0.02810669, 9.47612
1399388290306134229, -0.14274597, -0.012359619, 9.457077
1399388290313946729, -0.18083191, 0.023345947, 9.4785
1399388290321759229, -0.18321228, 0.0019226074, 9.435654
1399388290329571729, -0.21891785, 0.020965576, 9.483261
1399388290337384229, -0.1903534, 0.018585205, 9.468979
1399388290345196729, -0.1974945, 0.020965576, 9.449936
1399388290353009229, -0.17131042, 0.063812256, 9.521347
1399388290360821729, -0.19987488, 0.05429077, 9.438034
1399388290368634229, -0.20225525, 0.020965576, 9.440414
1399388290376446729, -0.2308197, 0.0066833496, 9.449936
1399388290384259229, -0.22605896, -0.019500732, 9.488022
1399388290392071729, -0.20463562, 0.016204834, 9.471359
1399388290399884229, -0.1903534, 0.020965576, 9.452316
1399388290407696729, -0.2308197, 0.013824463, 9.47612
1399388290415509229, -0.16416931, 0.035247803, 9.483261
1399388290423321729, -0.21891785, 0.0066833496, 9.449936
1399388290431134229, -0.20701599, 0.040008545, 9.457077
1399388290438946729, -0.1974945, 0.040008545, 9.440414
1399388290446759229, -0.16893005, 0.0066833496, 9.418991
1399388290454571729, -0.16893005, 0.0066833496, 9.430893
1399388290462384229, -0.19273376, 0.016204834, 9.4023285
1399388290470196729, -0.20463562, -0.017120361, 9.435654
1399388290478009229, -0.16893005, -0.012359619, 9.490402
1399388290485821729, -0.19273376, 0.013824463, 9.428513
1399388290493634229, -0.20463562, 0.0066833496, 9.452316
1399388290501446729, -0.20463562, 0.040008545, 9.514206
1399388290509259229, -0.20463562, 0.03286743, 9.457077
1399388290517071729, -0.23320007, 0.02810669, 9.497543
1399388290524884229, -0.2308197, 0.03286743, 9.483261
1399388290532696729, -0.18321228, 0.044769287, 9.438034
1399388290540509229, -0.21177673, 0.0066833496, 9.449936
1399388290548321729, -0.20939636, 0.0066833496, 9.471359
1399388290556134229, -0.1974945, -0.01473999, 9.454697
1399388290563946729, -0.16893005, 0.013824463, 9.490402
1399388290571759229, -0.23320007, -4.5776367E-4, 9.47374
1399388290579571729, -0.21891785, 0.016204834, 9.4785
1399388290587384229, -0.17131042, 0.023345947, 9.509445
1399388290595196729, -0.18559265, 0.0019226074, 9.504684
1399388290603009229, -0.17607117, 0.011444092, 9.488022
1399388290610821729, -0.19273376, 0.03048706, 9.471359
1399388290618634229, -0.20939636, -0.019500732, 9.464218
1399388290626446729, -0.20463562, -0.007598877, 9.423752
1399388290634259229, -0.20225525, -0.0028381348, 9.480881
1399388290642071729, -0.16893005, -0.0028381348, 9.4785
1399388290649884229, -0.2141571, 0.023345947, 9.4665985
1399388290657696729, -0.2308197, -4.5776367E-4, 9.471359
1399388290665509229, -0.18559265, 0.042388916, 9.47612
1399388290673321729, -0.2141571, 0.02810669, 9.507065
1399388290681134229, -0.22843933, 0.013824463, 9.464218
1399388290688946729, -0.18559265, 0.03048706, 9.454697
1399388290696759229, -0.1570282, 0.05429077, 9.426132
1399388290704571729, -0.20463562, 0.03286743, 9.416611
1399388290712384229, -0.21653748, 0.0043029785, 9.507065
1399388290720196729, -0.18559265, 0.0019226074, 9.399948
1399388290728009229, -0.18083191, -4.5776367E-4, 9.499924
1399388290735821729, -0.21653748, -0.031402588, 9.435654
1399388290743634229, -0.20701599, 0.03286743, 9.4856415
1399388290751446729, -0.21177673, -0.03378296, 9.488022
1399388290759259229, -0.20463562, -0.021881104, 9.47612
1399388290767071729, -0.19987488, 0.020965576, 9.4785
1399388290774884229, -0.16654968, 0.009063721, 9.430893
1399388290782696729, -0.17131042, 0.011444092, 9.4023285
1399388290790509229, -0.16178894, 0.016204834, 9.4785
1399388290798321729, -0.1736908, -0.0028381348, 9.428513
1399388290806134229, -0.20701599, 0.023345947, 9.464218
1399388290813946729, -0.20225525, 0.025726318, 9.468979
1399388290821759229, -0.17845154, 0.035247803, 9.468979
1399388290829571729, -0.21177673, 0.009063721, 9.488022
1399388290837384229, -0.18559265, 0.059051514, 9.445175
1399388290845196729, -0.19511414, 0.016204834, 9.4856415
1399388290853009229, -0.19273376, 0.018585205, 9.454697
1399388290860821729, -0.26176453, 0.0066833496, 9.471359
1399388290868634229, -0.20225525, 0.0019226074, 9.468979
1399388290876446729, -0.19987488, 0.011444092, 9.483261
1399388290884259229, -0.16178894, 0.009063721, 9.480881
1399388290892071729, -0.19511414, 0.040008545, 9.47374
1399388290899884229, -0.19273376, 0.0043029785, 9.454697
1399388290907696729, -0.18321228, 0.020965576, 9.454697
1399388290915509229, -0.16416931, 0.042388916, 9.442795
1399388290923321729, -0.17845154, 0.020965576, 9.452316
1399388290931134229, -0.1736908, 0.035247803, 9.418991
1399388290938946729, -0.21177673, 0.035247803, 9.430893
1399388290946759229, -0.21177673, 0.018585205, 9.490402
1399388290954571729, -0.20939636, 0.044769287, 9.468979
1399388290962384229, -0.20939636, 0.040008545, 9.464218
1399388290970196729, -0.16654968, 0.011444092, 9.483261
1399388290978009229, -0.17845154, 0.013824463, 9.495163
1399388290985821729, -0.17845154, 0.025726318, 9.445175
1399388290993634229, -0.24034119, 0.040008545, 9.54277
1399388291001446729, -0.22367859, -0.0028381348, 9.530869
1399388291009259229, -0.1974945, 0.011444092, 9.499924
1399388291017071729, 0.031021118, 0.25186157, 6.731552
1399388291024884229, -0.54026794, -0.009979248, 8.783432
1399388291032696729, -0.24034119, -0.017120361, 10.11882
1399388291040509229, -0.26652527, -0.007598877, 9.309494
1399388291048321729, -0.21177673, -0.007598877, 9.557053
1399388291063946729, -0.27604675, 0.035247803, 9.142868
1399388291071759229, -0.17607117, 0.023345947, 9.868881
1399388291079571729, -0.22129822, 0.023345947, 9.714157
1399388291087384229, -0.2308197, 0.018585205, 9.188095
