1399058647277049426, -0.27366638, -0.05996704, 9.083359
1399058647281932239, -0.32603455, -0.067108154, 9.021469
1399058647286815051, -0.2546234, -0.11947632, 9.326157
1399058647291697864, -0.22843933, -0.11947632, 9.590378
1399058647295115832, -0.22129822, -0.114715576, 9.66893
1399058647298533801, -0.23796082, -0.15518188, 9.60466
1399058647301951770, -0.24272156, -0.1289978, 9.428513
1399058647309275989, -0.26890564, -0.114715576, 9.314255
1399058647317088489, -0.28556824, -0.12661743, 9.342819
1399058647321971301, -0.271286, -0.1456604, 9.430893
1399058647326854114, -0.2546234, -0.1289978, 9.495163
1399058647330272082, -0.23796082, -0.12423706, 9.557053
1399058647333690051, -0.21177673, -0.10757446, 9.533249
1399058647337108020, -0.2546234, -0.090911865, 9.41185
1399058647344432239, -0.2308197, -0.112335205, 9.373764
1399058647352244739, -0.24272156, -0.09805298, 9.397568
1399058647357127551, -0.23558044, -0.09567261, 9.421371
1399058647362010364, -0.2474823, -0.16708374, 9.4856415
1399058647366893176, -0.23320007, -0.112335205, 9.468979
1399058647372264270, -0.19511414, -0.15994263, 9.471359
1399058647377147082, -0.24034119, -0.114715576, 9.497543
1399058647382029895, -0.23796082, -0.16470337, 9.490402
1399058647387400989, -0.271286, -0.10757446, 9.430893
1399058647392283801, -0.26176453, -0.13375854, 9.390427
1399058647397166614, -0.271286, -0.11947632, 9.41423
1399058647402049426, -0.2474823, -0.14804077, 9.507065
1399058647407420520, -0.271286, -0.10281372, 9.447556
1399058647412303332, -0.25938416, -0.12423706, 9.41423
1399058647417186145, -0.24986267, -0.11947632, 9.502304
1399058647422068957, -0.24986267, -0.17422485, 9.423752
1399058647427440051, -0.25224304, -0.12185669, 9.449936
1399058647432322864, -0.2474823, -0.1289978, 9.438034
1399058647437205676, -0.24272156, -0.109954834, 9.421371
1399058647442576770, -0.22843933, -0.09805298, 9.47374
1399058647447459582, -0.23320007, -0.14328003, 9.4665985
1399058647452342395, -0.23320007, -0.11947632, 9.395187
1399058647457225207, -0.23558044, -0.112335205, 9.376144
1399058647462596301, -0.22129822, -0.14089966, 9.40947
1399058647467479114, -0.2641449, -0.12661743, 9.426132
1399058647472361926, -0.23558044, -0.112335205, 9.454697
1399058647477244739, -0.26890564, -0.10281372, 9.447556
1399058647482615832, -0.24510193, -0.10757446, 9.47612
1399058647487498645, -0.20225525, -0.09805298, 9.502304
1399058647492381457, -0.25224304, -0.15280151, 9.447556
1399058647497752551, -0.2546234, -0.1289978, 9.41423
1399058647502635364, -0.2546234, -0.11947632, 9.428513
1399058647507518176, -0.25938416, -0.11709595, 9.418991
1399058647512400989, -0.25224304, -0.112335205, 9.454697
1399058647517772082, -0.2308197, -0.114715576, 9.4023285
1399058647522654895, -0.25224304, -0.088531494, 9.459457
1399058647527537707, -0.19511414, -0.10519409, 9.369003
1399058647532420520, -0.25938416, -0.090911865, 9.461838
1399058647537791614, -0.25700378, -0.12185669, 9.428513
1399058647542674426, -0.24034119, -0.13851929, 9.492783
1399058647547557239, -0.23796082, -0.12423706, 9.464218
1399058647552440051, -0.29270935, -0.11947632, 9.380905
1399058647557811145, -0.22129822, -0.1789856, 9.442795
1399058647562693957, -0.23320007, -0.13375854, 9.430893
1399058647567576770, -0.21891785, -0.090911865, 9.457077
1399058647572947864, -0.26652527, -0.14328003, 9.449936
1399058647575877551, -0.26890564, -0.10043335, 9.433273
1399058647579295520, -0.2474823, -0.112335205, 9.464218
1399058647582713489, -0.21891785, -0.11947632, 9.440414
1399058647590525989, -0.271286, -0.14804077, 9.468979
1399058647597850207, -0.24986267, -0.12423706, 9.464218
1399058647602733020, -0.23320007, -0.114715576, 9.395187
1399058647607615832, -0.21177673, -0.14804077, 9.492783
1399058647611033801, -0.25224304, -0.13375854, 9.423752
1399058647614451770, -0.2474823, -0.10519409, 9.4856415
1399058647617869739, -0.27366638, -0.112335205, 9.428513
1399058647625193957, -0.27842712, -0.09567261, 9.426132
1399058647633006457, -0.26652527, -0.13851929, 9.442795
1399058647637889270, -0.22129822, -0.1289978, 9.457077
1399058647643260364, -0.23558044, -0.13851929, 9.468979
1399058647648143176, -0.25938416, -0.1289978, 9.428513
1399058647653025989, -0.24034119, -0.114715576, 9.461838
1399058647657908801, -0.2141571, -0.09805298, 9.483261
1399058647662791614, -0.24510193, -0.15280151, 9.511826
1399058647668162707, -0.23796082, -0.10043335, 9.426132
1399058647673045520, -0.22605896, -0.15518188, 9.490402
1399058647677928332, -0.23558044, -0.14328003, 9.507065
1399058647683299426, -0.27842712, -0.1289978, 9.428513
1399058647688182239, -0.2808075, -0.13613892, 9.399948
1399058647693065051, -0.23796082, -0.112335205, 9.449936
1399058647697947864, -0.21653748, -0.07901001, 9.438034
1399058647703318957, -0.25224304, -0.09329224, 9.447556
1399058647706248645, -0.29270935, -0.07424927, 9.421371
1399058647709666614, -0.20701599, -0.162323, 9.40947
1399058647713084582, -0.24510193, -0.09567261, 9.445175
1399058647720408801, -0.25938416, -0.1289978, 9.418991
1399058647728221301, -0.24510193, -0.15994263, 9.41185
1399058647733104114, -0.2641449, -0.11709595, 9.454697
1399058647737986926, -0.22843933, -0.1456604, 9.457077
1399058647743358020, -0.2546234, -0.10519409, 9.41423
1399058647748240832, -0.25224304, -0.11947632, 9.416611
1399058647753123645, -0.23558044, -0.11947632, 9.459457
1399058647758494739, -0.25224304, -0.14089966, 9.457077
1399058647763377551, -0.22129822, -0.09567261, 9.418991
1399058647768260364, -0.28556824, -0.10757446, 9.471359
1399058647773143176, -0.2879486, -0.13613892, 9.4023285
1399058647778514270, -0.25700378, -0.08377075, 9.418991
1399058647783397082, -0.23320007, -0.09567261, 9.423752
1399058647788279895, -0.271286, -0.09567261, 9.4023285
1399058647793162707, -0.28556824, -0.15756226, 9.423752
1399058647798533801, -0.25938416, -0.12423706, 9.4665985
1399058647801463489, -0.271286, -0.10757446, 9.464218
1399058647804881457, -0.28556824, -0.15280151, 9.528488
1399058647808299426, -0.2474823, -0.17660522, 9.442795
1399058647816111926, -0.24034119, -0.13137817, 9.449936
1399058647823436145, -0.20225525, -0.088531494, 9.4785
1399058647828318957, -0.23558044, -0.1456604, 9.492783
1399058647833690051, -0.2546234, -0.1289978, 9.480881
1399058647836619739, -0.23320007, -0.12661743, 9.47612
1399058647840037707, -0.23796082, -0.13851929, 9.468979
1399058647843455676, -0.24986267, -0.14089966, 9.454697
1399058647851268176, -0.24986267, -0.13137817, 9.404709
1399058647858592395, -0.23320007, -0.13375854, 9.392807
1399058647863475207, -0.24034119, -0.10043335, 9.47612
1399058647868358020, -0.2474823, -0.13137817, 9.399948
1399058647873729114, -0.24986267, -0.12423706, 9.399948
1399058647878611926, -0.271286, -0.114715576, 9.433273
1399058647883494739, -0.2808075, -0.13375854, 9.385666
1399058647888865832, -0.25700378, -0.10043335, 9.440414
1399058647893748645, -0.26176453, -0.10281372, 9.421371
1399058647897166614, -0.25700378, -0.10519409, 9.449936
1399058647900096301, -0.2474823, -0.114715576, 9.464218
1399058647903514270, -0.27842712, -0.15280151, 9.47612
1399058647911326770, -0.24272156, -0.13375854, 9.483261
1399058647918650989, -0.22129822, -0.11709595, 9.47612
1399058647923533801, -0.23320007, -0.109954834, 9.480881
1399058647928904895, -0.27842712, -0.1289978, 9.428513
1399058647933787707, -0.20701599, -0.19088745, 9.447556
1399058647938670520, -0.21177673, -0.13613892, 9.397568
1399058647944041614, -0.24986267, -0.13375854, 9.457077
1399058647948924426, -0.25224304, -0.12423706, 9.430893
1399058647953807239, -0.24986267, -0.11947632, 9.380905
1399058647957225207, -0.20225525, -0.088531494, 9.433273
1399058647960643176, -0.23558044, -0.10757446, 9.4665985
1399058647964061145, -0.28318787, -0.10519409, 9.457077
1399058647971385364, -0.23320007, -0.11709595, 9.428513
1399058647978709582, -0.22605896, -0.14089966, 9.492783
1399058647984080676, -0.20939636, -0.11709595, 9.461838
1399058647988963489, -0.27842712, -0.15756226, 9.440414
1399058647993846301, -0.24034119, -0.112335205, 9.41423
1399058647998729114, -0.24034119, -0.090911865, 9.435654
1399058648004100207, -0.2546234, -0.112335205, 9.380905
1399058648008983020, -0.25224304, -0.13137817, 9.452316
1399058648013865832, -0.2546234, -0.114715576, 9.4665985
1399058648019236926, -0.27366638, -0.10757446, 9.459457
1399058648024119739, -0.23320007, -0.12661743, 9.440414
1399058648029002551, -0.2546234, -0.13851929, 9.502304
1399058648033885364, -0.2474823, -0.114715576, 9.442795
1399058648039256457, -0.22843933, -0.13137817, 9.447556
1399058648044139270, -0.20701599, -0.109954834, 9.471359
1399058648049022082, -0.22605896, -0.109954834, 9.459457
1399058648052440051, -0.22129822, -0.08139038, 9.461838
1399058648055858020, -0.24272156, -0.13851929, 9.407089
1399058648059275989, -0.22605896, -0.1289978, 9.433273
1399058648066600207, -0.25938416, -0.109954834, 9.390427
1399058648074412707, -0.22367859, -0.090911865, 9.502304
1399058648079295520, -0.24510193, -0.13375854, 9.428513
1399058648084178332, -0.2546234, -0.09329224, 9.440414
1399058648087596301, -0.23796082, -0.07662964, 9.426132
1399058648091014270, -0.24272156, -0.14804077, 9.47612
1399058648094432239, -0.23796082, -0.12185669, 9.492783
1399058648101756457, -0.29985046, -0.14089966, 9.404709
1399058648109080676, -0.23558044, -0.1456604, 9.471359
1399058648114451770, -0.2308197, -0.11709595, 9.461838
1399058648119334582, -0.22605896, -0.114715576, 9.47612
1399058648124217395, -0.2879486, -0.12185669, 9.376144
1399058648129588489, -0.271286, -0.13851929, 9.502304
1399058648134471301, -0.25700378, -0.12661743, 9.461838
1399058648139354114, -0.26890564, -0.12185669, 9.488022
1399058648144236926, -0.2546234, -0.10519409, 9.447556
1399058648149608020, -0.271286, -0.11709595, 9.442795
1399058648154490832, -0.30937195, -0.10043335, 9.461838
1399058648157908801, -0.22605896, -0.12185669, 9.449936
1399058648160838489, -0.23796082, -0.10043335, 9.435654
1399058648164256457, -0.25700378, -0.10043335, 9.418991
1399058648172068957, -0.25700378, -0.114715576, 9.4665985
1399058648179393176, -0.23558044, -0.13613892, 9.452316
1399058648184275989, -0.22129822, -0.14804077, 9.442795
1399058648189647082, -0.2308197, -0.13851929, 9.430893
1399058648194529895, -0.24986267, -0.109954834, 9.445175
1399058648199412707, -0.2546234, -0.12423706, 9.407089
1399058648204783801, -0.27604675, -0.112335205, 9.418991
1399058648209666614, -0.2641449, -0.15518188, 9.447556
1399058648214549426, -0.23558044, -0.14328003, 9.428513
1399058648217967395, -0.2474823, -0.14089966, 9.433273
1399058648221385364, -0.25700378, -0.09805298, 9.457077
1399058648224803332, -0.2641449, -0.12661743, 9.457077
1399058648232127551, -0.2808075, -0.162323, 9.335678
1399058648239940051, -0.31175232, -0.15756226, 9.41185
1399058648244822864, -0.27604675, -0.114715576, 9.468979
1399058648249705676, -0.271286, -0.090911865, 9.47374
1399058648253123645, -0.24510193, -0.12423706, 9.418991
1399058648256541614, -0.2546234, -0.10281372, 9.399948
1399058648259471301, -0.24272156, -0.14089966, 9.4785
1399058648267283801, -0.24986267, -0.13375854, 9.445175
1399058648274608020, -0.271286, -0.11709595, 9.461838
1399058648279979114, -0.22843933, -0.13851929, 9.399948
1399058648284861926, -0.22605896, -0.13137817, 9.490402
1399058648289744739, -0.27366638, -0.12185669, 9.523727
1399058648294627551, -0.24986267, -0.112335205, 9.447556
1399058648299998645, -0.24272156, -0.11947632, 9.511826
1399058648304881457, -0.25700378, -0.114715576, 9.388046
1399058648309764270, -0.2474823, -0.10757446, 9.416611
1399058648315135364, -0.2641449, -0.12661743, 9.430893
1399058648320018176, -0.2879486, -0.109954834, 9.378525
1399058648324900989, -0.23320007, -0.13137817, 9.454697
1399058648329783801, -0.24034119, -0.12185669, 9.428513
1399058648335154895, -0.28318787, -0.109954834, 9.421371
1399058648340037707, -0.29270935, -0.114715576, 9.445175
1399058648344920520, -0.24986267, -0.17184448, 9.397568
1399058648349803332, -0.2474823, -0.12423706, 9.445175
1399058648355174426, -0.24986267, -0.12423706, 9.447556
1399058648358104114, -0.2141571, -0.12185669, 9.404709
1399058648361522082, -0.24510193, -0.13375854, 9.430893
1399058648364940051, -0.21653748, -0.088531494, 9.40947
1399058648372752551, -0.2474823, -0.12423706, 9.392807
1399058648380076770, -0.25224304, -0.10757446, 9.457077
1399058648384959582, -0.24986267, -0.14089966, 9.399948
1399058648390330676, -0.24034119, -0.07901001, 9.457077
1399058648395213489, -0.22843933, -0.1456604, 9.440414
1399058648400096301, -0.24034119, -0.15042114, 9.502304
1399058648404979114, -0.2474823, -0.15518188, 9.433273
1399058648410350207, -0.21891785, -0.09805298, 9.454697
1399058648415233020, -0.25700378, -0.1456604, 9.428513
1399058648420115832, -0.2808075, -0.15280151, 9.4785
1399058648425486926, -0.26652527, -0.10757446, 9.457077
1399058648430369739, -0.24034119, -0.08615112, 9.438034
1399058648435252551, -0.30223083, -0.13137817, 9.445175
1399058648440135364, -0.25700378, -0.15042114, 9.440414
1399058648445506457, -0.24272156, -0.13137817, 9.399948
1399058648450389270, -0.24034119, -0.10043335, 9.447556
1399058648453807239, -0.22605896, -0.13137817, 9.454697
1399058648456736926, -0.2546234, -0.10757446, 9.435654
1399058648460154895, -0.22367859, -0.1289978, 9.447556
1399058648467967395, -0.27366638, -0.114715576, 9.421371
1399058648475291614, -0.26890564, -0.12185669, 9.454697
1399058648480174426, -0.23320007, -0.08377075, 9.452316
1399058648485545520, -0.24510193, -0.11709595, 9.430893
1399058648488963489, -0.20701599, -0.07662964, 9.418991
1399058648491893176, -0.25224304, -0.114715576, 9.388046
1399058648495311145, -0.2546234, -0.15994263, 9.423752
1399058648503123645, -0.27604675, -0.090911865, 9.454697
1399058648510447864, -0.24986267, -0.13137817, 9.378525
1399058648515330676, -0.22843933, -0.15756226, 9.364243
1399058648520701770, -0.29270935, -0.15280151, 9.418991
1399058648525584582, -0.2808075, -0.14328003, 9.449936
1399058648530467395, -0.2546234, -0.12185669, 9.378525
1399058648535350207, -0.23558044, -0.15280151, 9.509445
1399058648540721301, -0.28318787, -0.13851929, 9.457077
1399058648545604114, -0.2474823, -0.12661743, 9.421371
1399058648550486926, -0.24510193, -0.1289978, 9.490402
1399058648555369739, -0.2474823, -0.09567261, 9.357101
1399058648560740832, -0.21653748, -0.1289978, 9.468979
1399058648565623645, -0.26652527, -0.08615112, 9.428513
1399058648570506457, -0.24034119, -0.10757446, 9.423752
1399058648575877551, -0.23558044, -0.13137817, 9.435654
1399058648580760364, -0.23558044, -0.12423706, 9.4023285
1399058648585643176, -0.25224304, -0.14804077, 9.440414
1399058648590525989, -0.24510193, -0.13137817, 9.4785
1399058648595897082, -0.24510193, -0.12423706, 9.514206
1399058648600779895, -0.27842712, -0.12185669, 9.445175
1399058648605662707, -0.2546234, -0.10281372, 9.499924
1399058648610545520, -0.23796082, -0.114715576, 9.483261
1399058648615916614, -0.31175232, -0.14328003, 9.397568
1399058648620799426, -0.271286, -0.12661743, 9.388046
1399058648625682239, -0.2546234, -0.14804077, 9.454697
1399058648631053332, -0.26652527, -0.13137817, 9.428513
1399058648635936145, -0.26176453, -0.11947632, 9.4023285
1399058648640818957, -0.23320007, -0.09329224, 9.454697
1399058648645701770, -0.23320007, -0.10519409, 9.428513
1399058648651072864, -0.22843933, -0.09805298, 9.459457
1399058648655955676, -0.23796082, -0.15518188, 9.364243
1399058648660838489, -0.2141571, -0.09567261, 9.490402
1399058648665721301, -0.23558044, -0.11709595, 9.41185
1399058648670604114, -0.24272156, -0.15042114, 9.454697
1399058648675975207, -0.24510193, -0.09567261, 9.442795
1399058648680858020, -0.25938416, -0.13851929, 9.447556
1399058648686229114, -0.2546234, -0.12185669, 9.47374
1399058648691111926, -0.25938416, -0.15280151, 9.430893
1399058648695994739, -0.20701599, -0.1456604, 9.430893
1399058648700877551, -0.2546234, -0.15280151, 9.435654
1399058648705760364, -0.21177673, -0.112335205, 9.454697
1399058648711131457, -0.271286, -0.14804077, 9.418991
1399058648716014270, -0.26176453, -0.114715576, 9.435654
1399058648720897082, -0.27842712, -0.15280151, 9.502304
1399058648726268176, -0.24986267, -0.13137817, 9.457077
1399058648731150989, -0.2808075, -0.1456604, 9.404709
1399058648736033801, -0.2474823, -0.08615112, 9.40947
1399058648740916614, -0.1903534, -0.114715576, 9.483261
1399058648746287707, -0.31175232, -0.08139038, 9.371384
1399058648751170520, -0.26890564, -0.14328003, 9.440414
1399058648756053332, -0.22843933, -0.09329224, 9.468979
1399058648761424426, -0.23796082, -0.11709595, 9.41423
1399058648766307239, -0.21891785, -0.1289978, 9.4785
1399058648771190051, -0.2641449, -0.14328003, 9.449936
1399058648776072864, -0.27366638, -0.114715576, 9.390427
1399058648781443957, -0.20939636, -0.13137817, 9.4785
1399058648786326770, -0.2474823, -0.11947632, 9.492783
1399058648791209582, -0.22843933, -0.16708374, 9.438034
1399058648796092395, -0.24034119, -0.112335205, 9.421371
1399058648801463489, -0.25700378, -0.10043335, 9.404709
1399058648806346301, -0.26176453, -0.112335205, 9.483261
1399058648811229114, -0.24986267, -0.11709595, 9.4665985
1399058648816600207, -0.24034119, -0.112335205, 9.445175
1399058648821483020, -0.23558044, -0.1456604, 9.428513
1399058648826365832, -0.25224304, -0.11709595, 9.4023285
1399058648831248645, -0.24986267, -0.1289978, 9.399948
1399058648836619739, -0.24986267, -0.10043335, 9.47374
1399058648841502551, -0.20939636, -0.112335205, 9.461838
1399058648846385364, -0.24986267, -0.13851929, 9.41423
1399058648851268176, -0.23558044, -0.112335205, 9.464218
1399058648856639270, -0.26890564, -0.13613892, 9.428513
1399058648861522082, -0.23558044, -0.114715576, 9.390427
1399058648866404895, -0.20701599, -0.12185669, 9.47374
1399058648871775989, -0.271286, -0.13851929, 9.488022
1399058648876658801, -0.19987488, -0.1289978, 9.433273
1399058648881541614, -0.2474823, -0.11947632, 9.428513
1399058648886424426, -0.2474823, -0.11709595, 9.404709
1399058648891795520, -0.26890564, -0.109954834, 9.4665985
1399058648896678332, -0.26890564, -0.114715576, 9.41423
1399058648901561145, -0.2546234, -0.14328003, 9.430893
1399058648906932239, -0.25938416, -0.09805298, 9.509445
1399058648911815051, -0.23558044, -0.114715576, 9.399948
1399058648916697864, -0.24272156, -0.14089966, 9.423752
1399058648921580676, -0.22129822, -0.112335205, 9.428513
1399058648926463489, -0.23320007, -0.112335205, 9.423752
1399058648931834582, -0.22605896, -0.14089966, 9.468979
1399058648936717395, -0.24034119, -0.08615112, 9.433273
1399058648941600207, -0.24986267, -0.08377075, 9.438034
1399058648946971301, -0.20225525, -0.12185669, 9.4785
1399058648951854114, -0.23796082, -0.1289978, 9.488022
1399058648956736926, -0.26176453, -0.1456604, 9.459457
1399058648960154895, -0.22367859, -0.10281372, 9.459457
1399058648963572864, -0.23796082, -0.09805298, 9.47374
1399058648966990832, -0.29270935, -0.15756226, 9.426132
1399058648974315051, -0.2546234, -0.11947632, 9.468979
1399058648981639270, -0.23796082, -0.14089966, 9.480881
1399058648987010364, -0.19987488, -0.12423706, 9.454697
1399058648991893176, -0.22843933, -0.12185669, 9.457077
1399058648999217395, -0.20225525, -0.12661743, 9.433273
1399058649007029895, -0.28318787, -0.1289978, 9.380905
1399058649011912707, -0.23796082, -0.12185669, 9.488022
1399058649016795520, -0.22129822, -0.1456604, 9.457077
1399058649020213489, -0.23796082, -0.16470337, 9.445175
1399058649023631457, -0.20225525, -0.15280151, 9.445175
1399058649027049426, -0.27604675, -0.14328003, 9.438034
1399058649034373645, -0.20939636, -0.14089966, 9.435654
1399058649042186145, -0.26176453, -0.11709595, 9.438034
1399058649047068957, -0.24034119, -0.112335205, 9.40947
1399058649051951770, -0.2308197, -0.10519409, 9.361862
1399058649055369739, -0.27604675, -0.15518188, 9.426132
1399058649058787707, -0.25938416, -0.114715576, 9.421371
1399058649062205676, -0.21653748, -0.112335205, 9.471359
1399058649069529895, -0.23558044, -0.1456604, 9.514206
1399058649077342395, -0.25938416, -0.114715576, 9.483261
1399058649082225207, -0.23320007, -0.13613892, 9.523727
1399058649087108020, -0.25938416, -0.112335205, 9.371384
1399058649090525989, -0.23558044, -0.12661743, 9.454697
1399058649093943957, -0.22367859, -0.12661743, 9.442795
1399058649097361926, -0.24034119, -0.14089966, 9.461838
1399058649104686145, -0.26176453, -0.1456604, 9.454697
1399058649112010364, -0.27366638, -0.088531494, 9.40947
1399058649117381457, -0.24034119, -0.13375854, 9.41185
1399058649122264270, -0.24986267, -0.10519409, 9.442795
1399058649127147082, -0.27842712, -0.12185669, 9.452316
1399058649132518176, -0.2474823, -0.10043335, 9.499924
1399058649137400989, -0.26176453, -0.15042114, 9.421371
1399058649142283801, -0.23320007, -0.162323, 9.4856415
1399058649147166614, -0.25938416, -0.11709595, 9.376144
1399058649152537707, -0.25700378, -0.10757446, 9.433273
1399058649157420520, -0.2474823, -0.13851929, 9.480881
1399058649162303332, -0.25224304, -0.14089966, 9.41185
1399058649167674426, -0.24272156, -0.12423706, 9.4665985
1399058649172557239, -0.25700378, -0.13375854, 9.457077
1399058649177440051, -0.23558044, -0.088531494, 9.41423
1399058649182322864, -0.24986267, -0.13375854, 9.438034
1399058649187205676, -0.29508972, -0.11947632, 9.418991
1399058649192576770, -0.22129822, -0.09329224, 9.457077
1399058649197459582, -0.26176453, -0.08615112, 9.421371
1399058649202342395, -0.25224304, -0.10757446, 9.4023285
1399058649207713489, -0.24510193, -0.109954834, 9.442795
1399058649212596301, -0.26176453, -0.13375854, 9.4023285
1399058649217479114, -0.27842712, -0.10757446, 9.407089
1399058649220897082, -0.24510193, -0.15518188, 9.4023285
1399058649224315051, -0.24034119, -0.15756226, 9.459457
1399058649227733020, -0.271286, -0.13375854, 9.468979
1399058649235057239, -0.24272156, -0.13613892, 9.454697
1399058649242381457, -0.21177673, -0.08615112, 9.426132
1399058649247752551, -0.25224304, -0.13851929, 9.392807
1399058649252635364, -0.2546234, -0.12661743, 9.454697
1399058649257518176, -0.24034119, -0.109954834, 9.438034
1399058649262400989, -0.21891785, -0.11947632, 9.440414
1399058649267772082, -0.2308197, -0.14089966, 9.490402
1399058649272654895, -0.22843933, -0.10281372, 9.442795
1399058649277537707, -0.2546234, -0.069488525, 9.447556
1399058649282908801, -0.20939636, -0.10519409, 9.464218
1399058649287791614, -0.27604675, -0.16708374, 9.41423
1399058649291209582, -0.29270935, -0.13137817, 9.4785
1399058649294627551, -0.24510193, -0.1289978, 9.471359
1399058649297557239, -0.22367859, -0.13375854, 9.464218
1399058649305369739, -0.24986267, -0.14804077, 9.440414
1399058649312693957, -0.28556824, -0.112335205, 9.483261
1399058649317576770, -0.24986267, -0.088531494, 9.392807
1399058649322947864, -0.2474823, -0.114715576, 9.4665985
1399058649327830676, -0.27842712, -0.10043335, 9.445175
1399058649332713489, -0.24986267, -0.13613892, 9.438034
1399058649338084582, -0.23320007, -0.12661743, 9.488022
1399058649342967395, -0.24034119, -0.1289978, 9.447556
1399058649347850207, -0.2308197, -0.090911865, 9.447556
1399058649352733020, -0.21653748, -0.069488525, 9.435654
1399058649358104114, -0.2546234, -0.13137817, 9.388046
1399058649362986926, -0.27366638, -0.10281372, 9.418991
1399058649367869739, -0.2808075, -0.15042114, 9.371384
1399058649372752551, -0.2474823, -0.1289978, 9.445175
1399058649378123645, -0.24034119, -0.09805298, 9.447556
1399058649383006457, -0.2308197, -0.112335205, 9.459457
1399058649387889270, -0.23796082, -0.13137817, 9.421371
1399058649393260364, -0.25938416, -0.114715576, 9.447556
1399058649398143176, -0.26652527, -0.1456604, 9.47612
1399058649403025989, -0.2808075, -0.11709595, 9.418991
1399058649407908801, -0.24510193, -0.109954834, 9.428513
1399058649413279895, -0.22605896, -0.11947632, 9.454697
1399058649418162707, -0.22843933, -0.11709595, 9.454697
1399058649423045520, -0.2474823, -0.114715576, 9.464218
1399058649427928332, -0.23320007, -0.12185669, 9.41423
1399058649433299426, -0.2308197, -0.12185669, 9.449936
1399058649438182239, -0.22843933, -0.10757446, 9.435654
1399058649443065051, -0.26652527, -0.08377075, 9.426132
1399058649447947864, -0.25224304, -0.112335205, 9.445175
1399058649453318957, -0.2474823, -0.112335205, 9.416611
1399058649458201770, -0.24986267, -0.12661743, 9.447556
1399058649463084582, -0.22129822, -0.12661743, 9.433273
1399058649468455676, -0.2308197, -0.12185669, 9.461838
1399058649473338489, -0.23796082, -0.1289978, 9.271408
1399058649478221301, -0.29508972, -0.20755005, 9.776047
1399058649483104114, -0.31651306, -0.07901001, 9.8641205
1399058649488475207, -0.31651306, -0.06472778, 9.0905
1399058649491404895, -0.20939636, -0.09329224, 10.233078
1399058649494822864, -0.31651306, -0.22659302, 9.378525
1399058649498240832, -0.30223083, -0.25515747, 9.561813
1399058649505565051, -0.27366638, -0.1789856, 9.685593
1399058649513377551, -0.25938416, -0.17184448, 9.438034
1399058649518260364, -0.33317566, -0.15756226, 9.599899
1399058649523143176, -0.30699158, -0.19088745, 9.778427
1399058649528514270, -0.25938416, -0.15280151, 9.754623
1399058649533397082, -0.24986267, -0.08139038, 9.1714325
1399058649538279895, -0.31175232, -0.16946411, 10.092636
1399058649543650989, -0.29032898, -0.15280151, 9.240463
1399058649548533801, -0.23320007, -0.13375854, 9.6141815
1399058649553416614, -0.23796082, -0.12661743, 9.526108
1399058649558299426, -0.1903534, -0.18374634, 9.53801
1399058649561717395, -0.27604675, -0.12661743, 9.502304
1399058649565135364, -0.2308197, -0.14089966, 9.507065
1399058649568553332, -0.2474823, -0.11709595, 9.449936
1399058649575877551, -0.25224304, -0.12423706, 9.507065
1399058649583690051, -0.29508972, -0.13851929, 9.60704
1399058649588572864, -0.29032898, -0.14089966, 9.288071
1399058649593455676, -0.30223083, -0.13613892, 9.557053
1399058649598338489, -0.2808075, -0.13613892, 9.433273
1399058649603709582, -0.25938416, -0.12661743, 9.361862
1399058649608592395, -0.2308197, -0.14804077, 9.499924
1399058649613475207, -0.26176453, -0.16470337, 9.488022
1399058649618846301, -0.2546234, -0.15756226, 9.328537
1399058649621775989, -0.2641449, -0.10757446, 9.640366
1399058649625193957, -0.24034119, -0.11947632, 9.480881
1399058649628611926, -0.23796082, -0.112335205, 9.399948
1399058649636424426, -0.27842712, -0.12661743, 9.557053
1399058649643748645, -0.25224304, -0.19088745, 9.445175
1399058649648631457, -0.2474823, -0.10519409, 9.2357025
1399058649654002551, -0.25700378, -0.12185669, 9.445175
1399058649658885364, -0.2141571, -0.1456604, 9.583237
1399058649663768176, -0.27604675, -0.13613892, 9.388046
1399058649668650989, -0.24034119, -0.10043335, 9.564194
1399058649674022082, -0.2474823, -0.09567261, 9.47374
1399058649678904895, -0.25224304, -0.13137817, 9.314255
1399058649683787707, -0.22605896, -0.15280151, 9.483261
1399058649688670520, -0.24272156, -0.10043335, 9.380905
1399058649694041614, -0.2308197, -0.12661743, 9.352341
1399058649698924426, -0.26652527, -0.09329224, 9.585617
1399058649703807239, -0.24510193, -0.10757446, 9.502304
1399058649708690051, -0.22843933, -0.12185669, 9.471359
1399058649714061145, -0.271286, -0.1289978, 9.488022
1399058649717479114, -0.22843933, -0.13137817, 9.364243
1399058649720408801, -0.21891785, -0.14804077, 9.366623
1399058649723826770, -0.25938416, -0.112335205, 9.407089
1399058649731639270, -0.22605896, -0.10757446, 9.242844
1399058649738963489, -0.23320007, -0.112335205, 9.480881
1399058649743846301, -0.1974945, -0.088531494, 9.449936
1399058649749217395, -0.22843933, -0.12185669, 9.395187
1399058649752147082, -0.23796082, -0.112335205, 9.364243
1399058649755565051, -0.21653748, -0.12661743, 9.545151
1399058649758983020, -0.24510193, -0.11709595, 9.261887
1399058649766795520, -0.22605896, -0.15756226, 9.423752
1399058649774119739, -0.20225525, -0.15994263, 9.533249
1399058649779002551, -0.24510193, -0.06472778, 9.273788
1399058649784373645, -0.23796082, -0.11709595, 9.545151
1399058649789256457, -0.25700378, -0.08377075, 9.592758
1399058649794139270, -0.2808075, -0.090911865, 9.397568
1399058649799022082, -0.25938416, -0.1456604, 9.53801
1399058649804393176, -0.25700378, -0.15518188, 9.483261
1399058649809275989, -0.22367859, -0.10519409, 9.261887
1399058649814158801, -0.27604675, -0.10757446, 9.54039
1399058649819041614, -0.26652527, -0.1456604, 9.547531
1399058649824412707, -0.27366638, -0.088531494, 9.3452
1399058649829295520, -0.26176453, -0.10043335, 9.445175
1399058649834178332, -0.22129822, -0.10519409, 9.547531
1399058649839061145, -0.20701599, -0.10043335, 9.304733
1399058649844432239, -0.22129822, -0.14089966, 9.4785
1399058649847850207, -0.24272156, -0.162323, 9.54039
1399058649851268176, -0.24272156, -0.1289978, 9.269028
1399058649854197864, -0.24034119, -0.13613892, 9.407089
1399058649862010364, -0.24272156, -0.13613892, 9.490402
1399058649869334582, -0.2808075, -0.14804077, 9.34996
1399058649874217395, -0.2308197, -0.10757446, 9.457077
1399058649879588489, -0.25700378, -0.12185669, 9.564194
1399058649884471301, -0.27366638, -0.0718689, 9.378525
1399058649889354114, -0.26176453, -0.10281372, 9.390427
1399058649894236926, -0.2474823, -0.114715576, 9.468979
1399058649899608020, -0.2474823, -0.12661743, 9.376144
1399058649904490832, -0.25700378, -0.12661743, 9.371384
1399058649909373645, -0.24986267, -0.13613892, 9.471359
1399058649914744739, -0.2808075, -0.069488525, 9.390427
1399058649919627551, -0.24034119, -0.07901001, 9.490402
1399058649924510364, -0.23558044, -0.12423706, 9.514206
1399058649929393176, -0.19987488, -0.10757446, 9.426132
1399058649934764270, -0.2141571, -0.10519409, 9.442795
1399058649939647082, -0.26652527, -0.15280151, 9.4785
1399058649943065051, -0.21653748, -0.1456604, 9.3452
1399058649945994739, -0.25700378, -0.15280151, 9.518967
1399058649949412707, -0.24986267, -0.13851929, 9.47374
1399058649957225207, -0.23796082, -0.12661743, 9.459457
1399058649964549426, -0.2474823, -0.109954834, 9.440414
1399058649969432239, -0.24510193, -0.1289978, 9.545151
1399058649974803332, -0.24272156, -0.11947632, 9.366623
1399058649979686145, -0.24510193, -0.14804077, 9.435654
1399058649985057239, -0.31889343, -0.13137817, 9.442795
1399058649989940051, -0.25938416, -0.12661743, 9.392807
1399058649994822864, -0.24986267, -0.12661743, 9.457077
1399058649999705676, -0.23558044, -0.12423706, 9.480881
1399058650004588489, -0.29508972, -0.11947632, 9.461838
1399058650009959582, -0.24034119, -0.09329224, 9.428513
1399058650014842395, -0.22129822, -0.14328003, 9.488022
1399058650020213489, -0.2474823, -0.14089966, 9.423752
1399058650025096301, -0.26652527, -0.15042114, 9.435654
1399058650029979114, -0.24272156, -0.11947632, 9.388046
1399058650034861926, -0.2141571, -0.1289978, 9.418991
1399058650039744739, -0.22367859, -0.114715576, 9.461838
1399058650045115832, -0.2546234, -0.10757446, 9.416611
1399058650049998645, -0.19511414, -0.07662964, 9.392807
1399058650054881457, -0.1974945, -0.11709595, 9.54039
1399058650059764270, -0.2474823, -0.15042114, 9.461838
1399058650065135364, -0.24510193, -0.13137817, 9.418991
1399058650070018176, -0.20463562, -0.10519409, 9.445175
1399058650073436145, -0.23320007, -0.09805298, 9.435654
1399058650076854114, -0.2474823, -0.08615112, 9.452316
1399058650079783801, -0.23558044, -0.10757446, 9.421371
1399058650087596301, -0.26890564, -0.090911865, 9.40947
1399058650094920520, -0.22129822, -0.13613892, 9.497543
1399058650100291614, -0.21653748, -0.13613892, 9.41423
1399058650105174426, -0.26652527, -0.1289978, 9.457077
1399058650110057239, -0.2641449, -0.15280151, 9.488022
1399058650114940051, -0.29032898, -0.13137817, 9.514206
1399058650120311145, -0.24510193, -0.11947632, 9.395187
1399058650125193957, -0.2308197, -0.10281372, 9.376144
1399058650130076770, -0.23558044, -0.114715576, 9.499924
1399058650134959582, -0.24272156, -0.10281372, 9.395187
1399058650140330676, -0.1974945, -0.16470337, 9.433273
1399058650145213489, -0.24510193, -0.12185669, 9.47612
1399058650150096301, -0.27604675, -0.15994263, 9.3190155
1399058650154979114, -0.22367859, -0.15280151, 9.611801
1399058650160350207, -0.25700378, -0.109954834, 9.361862
1399058650165233020, -0.22605896, -0.15518188, 9.47374
1399058650170115832, -0.2879486, -0.14089966, 9.338058
1399058650175486926, -0.26652527, -0.07662964, 9.564194
1399058650180369739, -0.271286, -0.15994263, 9.378525
1399058650185252551, -0.23796082, -0.14804077, 9.573715
1399058650190135364, -0.26890564, -0.13613892, 9.457077
1399058650195506457, -0.25700378, -0.1289978, 9.442795
1399058650200389270, -0.2808075, -0.1289978, 9.483261
1399058650205272082, -0.26176453, -0.11709595, 9.340439
1399058650210643176, -0.2641449, -0.114715576, 9.371384
1399058650215525989, -0.20939636, -0.10281372, 9.395187
1399058650220408801, -0.24034119, -0.09567261, 9.497543
1399058650225291614, -0.2474823, -0.08377075, 9.342819
1399058650230662707, -0.2474823, -0.090911865, 9.511826
1399058650235545520, -0.25700378, -0.15280151, 9.449936
1399058650240428332, -0.24034119, -0.11947632, 9.445175
1399058650245311145, -0.19511414, -0.1456604, 9.34758
1399058650250682239, -0.29270935, -0.13613892, 9.4665985
1399058650255565051, -0.23320007, -0.1456604, 9.364243
1399058650260447864, -0.23796082, -0.09567261, 9.483261
1399058650265330676, -0.23558044, -0.14089966, 9.511826
1399058650270701770, -0.24034119, -0.1289978, 9.388046
1399058650275584582, -0.27366638, -0.16708374, 9.54277
1399058650280467395, -0.2308197, -0.09567261, 9.440414
1399058650285838489, -0.2974701, -0.13851929, 9.328537
1399058650290721301, -0.25224304, -0.1289978, 9.559433
1399058650295604114, -0.28556824, -0.13613892, 9.428513
1399058650300486926, -0.26176453, -0.09567261, 9.535629
1399058650305858020, -0.29032898, -0.14804077, 9.397568
1399058650310740832, -0.22843933, -0.109954834, 9.573715
1399058650315623645, -0.26176453, -0.14328003, 9.292831
1399058650320506457, -0.23558044, -0.1456604, 9.428513
1399058650325877551, -0.24034119, -0.13851929, 9.426132
1399058650330760364, -0.26890564, -0.112335205, 9.404709
1399058650335643176, -0.24034119, -0.10519409, 9.511826
1399058650341014270, -0.24034119, -0.13137817, 9.423752
1399058650345897082, -0.22129822, -0.13137817, 9.404709
1399058650350779895, -0.24034119, -0.13613892, 9.433273
1399058650356150989, -0.21653748, -0.15280151, 9.40947
1399058650361033801, -0.24510193, -0.15042114, 9.364243
1399058650365916614, -0.23320007, -0.1289978, 9.54277
1399058650370799426, -0.26890564, -0.10519409, 9.40947
1399058650374705676, -0.25224304, -0.12661743, 9.447556
1399058650378611926, -0.30223083, -0.13613892, 9.40947
1399058650382029895, -0.2474823, -0.07901001, 9.445175
1399058650385936145, -0.28318787, -0.12185669, 9.40947
1399058650392283801, -0.24034119, -0.112335205, 9.452316
1399058650398631457, -0.24034119, -0.09329224, 9.433273
1399058650404490832, -0.24986267, -0.109954834, 9.433273
1399058650410838489, -0.24034119, -0.114715576, 9.516586
1399058650416209582, -0.25224304, -0.13851929, 9.423752
1399058650421092395, -0.25700378, -0.14089966, 9.435654
1399058650425975207, -0.2474823, -0.15994263, 9.395187
1399058650430858020, -0.22367859, -0.12423706, 9.447556
1399058650436229114, -0.23796082, -0.10757446, 9.447556
1399058650441111926, -0.24986267, -0.10043335, 9.490402
1399058650445994739, -0.25224304, -0.062347412, 9.492783
1399058650450877551, -0.2546234, -0.11709595, 9.428513
1399058650456248645, -0.24986267, -0.112335205, 9.41423
1399058650461131457, -0.26652527, -0.13851929, 9.445175
1399058650466014270, -0.23796082, -0.114715576, 9.380905
1399058650470897082, -0.28556824, -0.10757446, 9.480881
1399058650476268176, -0.2474823, -0.07662964, 9.418991
1399058650481150989, -0.23796082, -0.112335205, 9.426132
1399058650486033801, -0.25700378, -0.10519409, 9.404709
1399058650491404895, -0.23796082, -0.1289978, 9.449936
1399058650496287707, -0.24034119, -0.112335205, 9.442795
1399058650501658801, -0.29508972, -0.12423706, 9.416611
1399058650506541614, -0.1974945, -0.12661743, 9.428513
1399058650511424426, -0.2474823, -0.15518188, 9.488022
1399058650516307239, -0.27842712, -0.109954834, 9.442795
1399058650521190051, -0.21653748, -0.10519409, 9.442795
1399058650526072864, -0.23558044, -0.112335205, 9.433273
1399058650531443957, -0.2879486, -0.109954834, 9.433273
1399058650536326770, -0.27366638, -0.1289978, 9.426132
1399058650541209582, -0.20701599, -0.112335205, 9.480881
1399058650546580676, -0.24510193, -0.14089966, 9.445175
1399058650551463489, -0.21177673, -0.15994263, 9.440414
1399058650556346301, -0.27366638, -0.09805298, 9.468979
1399058650560252551, -0.2546234, -0.109954834, 9.459457
1399058650564158801, -0.2546234, -0.11709595, 9.454697
1399058650567576770, -0.25700378, -0.12423706, 9.457077
1399058650571483020, -0.23796082, -0.114715576, 9.380905
1399058650577342395, -0.28556824, -0.15994263, 9.41185
1399058650583690051, -0.26176453, -0.112335205, 9.433273
1399058650589549426, -0.2474823, -0.09329224, 9.41185
1399058650595408801, -0.23320007, -0.13613892, 9.461838
1399058650601756457, -0.271286, -0.09329224, 9.423752
1399058650606639270, -0.26652527, -0.11947632, 9.449936
1399058650611522082, -0.23320007, -0.12661743, 9.428513
1399058650616404895, -0.2474823, -0.11947632, 9.4665985
1399058650621775989, -0.26176453, -0.1289978, 9.40947
1399058650626658801, -0.24272156, -0.1456604, 9.385666
1399058650631541614, -0.21177673, -0.14089966, 9.447556
1399058650636912707, -0.2641449, -0.10043335, 9.428513
1399058650641795520, -0.24272156, -0.08377075, 9.426132
1399058650646678332, -0.24986267, -0.11947632, 9.418991
1399058650652049426, -0.24272156, -0.1456604, 9.438034
1399058650656932239, -0.20225525, -0.12185669, 9.390427
1399058650661815051, -0.2474823, -0.11709595, 9.514206
1399058650666697864, -0.2641449, -0.1289978, 9.435654
1399058650671580676, -0.27366638, -0.14089966, 9.528488
1399058650676951770, -0.27366638, -0.11709595, 9.464218
1399058650681834582, -0.3046112, -0.109954834, 9.4856415
1399058650685252551, -0.28556824, -0.13137817, 9.388046
1399058650688670520, -0.24510193, -0.090911865, 9.423752
1399058650692088489, -0.2641449, -0.1289978, 9.4023285
1399058650697947864, -0.23796082, -0.10757446, 9.423752
1399058650704295520, -0.2308197, -0.15518188, 9.395187
1399058650710643176, -0.26652527, -0.13613892, 9.430893
1399058650716990832, -0.27366638, -0.10519409, 9.457077
1399058650721873645, -0.25224304, -0.12661743, 9.373764
1399058650726756457, -0.20463562, -0.109954834, 9.426132
1399058650732127551, -0.20939636, -0.13137817, 9.483261
1399058650737010364, -0.25224304, -0.114715576, 9.459457
1399058650741893176, -0.27842712, -0.11947632, 9.430893
1399058650747264270, -0.23796082, -0.11709595, 9.426132
1399058650752147082, -0.24272156, -0.09329224, 9.488022
1399058650757029895, -0.24034119, -0.11947632, 9.423752
1399058650762400989, -0.24510193, -0.14804077, 9.435654
1399058650767283801, -0.2641449, -0.10281372, 9.423752
1399058650772166614, -0.21177673, -0.10043335, 9.438034
1399058650777049426, -0.23558044, -0.08615112, 9.502304
1399058650781932239, -0.25224304, -0.13613892, 9.454697
1399058650786815051, -0.22605896, -0.14328003, 9.423752
1399058650792186145, -0.30223083, -0.10043335, 9.397568
1399058650797068957, -0.24034119, -0.162323, 9.488022
1399058650801951770, -0.24986267, -0.1289978, 9.4785
1399058650806834582, -0.23558044, -0.114715576, 9.483261
1399058650812205676, -0.2308197, -0.13613892, 9.390427
1399058650817088489, -0.24510193, -0.112335205, 9.457077
1399058650822459582, -0.27366638, -0.12423706, 9.454697
1399058650827342395, -0.20701599, -0.13375854, 9.488022
1399058650832225207, -0.27842712, -0.10757446, 9.438034
1399058650837108020, -0.25938416, -0.15756226, 9.390427
1399058650842479114, -0.20463562, -0.13851929, 9.430893
1399058650847361926, -0.25700378, -0.15518188, 9.454697
1399058650852244739, -0.2641449, -0.13613892, 9.442795
1399058650857127551, -0.1903534, -0.109954834, 9.423752
1399058650862010364, -0.22605896, -0.1456604, 9.480881
1399058650867381457, -0.20701599, -0.0718689, 9.416611
1399058650872264270, -0.25224304, -0.090911865, 9.488022
1399058650877635364, -0.21177673, -0.15518188, 9.426132
1399058650882518176, -0.27366638, -0.14328003, 9.426132
1399058650887400989, -0.25224304, -0.10757446, 9.426132
1399058650892283801, -0.22367859, -0.11709595, 9.457077
1399058650897166614, -0.26176453, -0.14089966, 9.483261
1399058650902537707, -0.2546234, -0.13613892, 9.440414
1399058650907420520, -0.24034119, -0.067108154, 9.445175
1399058650912303332, -0.22367859, -0.109954834, 9.4665985
1399058650917674426, -0.25700378, -0.13137817, 9.452316
1399058650922557239, -0.25700378, -0.11709595, 9.34996
1399058650927440051, -0.25224304, -0.1289978, 9.507065
1399058650932811145, -0.26176453, -0.13613892, 9.47374
1399058650937693957, -0.26890564, -0.11709595, 9.468979
1399058650942576770, -0.27366638, -0.10043335, 9.492783
1399058650947459582, -0.22605896, -0.109954834, 9.438034
1399058650952830676, -0.2641449, -0.13851929, 9.41185
1399058650957713489, -0.26652527, -0.13613892, 9.3832855
1399058650962596301, -0.20225525, -0.07901001, 9.47374
1399058650967479114, -0.25224304, -0.13613892, 9.442795
1399058650971385364, -0.25700378, -0.11709595, 9.438034
1399058650975291614, -0.2641449, -0.112335205, 9.41423
1399058650978709582, -0.24272156, -0.13375854, 9.507065
1399058650982615832, -0.29508972, -0.1456604, 9.454697
1399058650988963489, -0.27366638, -0.1456604, 9.507065
1399058650995311145, -0.24272156, -0.13137817, 9.4665985
1399058651001658801, -0.24986267, -0.10519409, 9.464218
1399058651008006457, -0.22843933, -0.14089966, 9.47612
1399058651012889270, -0.27604675, -0.12661743, 9.366623
1399058651017772082, -0.24510193, -0.1289978, 9.421371
1399058651023143176, -0.22843933, -0.12661743, 9.388046
1399058651028025989, -0.26890564, -0.11947632, 9.497543
1399058651032908801, -0.22129822, -0.09567261, 9.41185
1399058651037791614, -0.2474823, -0.088531494, 9.407089
1399058651043162707, -0.25938416, -0.12423706, 9.490402
1399058651048045520, -0.24510193, -0.11947632, 9.373764
1399058651052928332, -0.27842712, -0.13137817, 9.404709
1399058651057811145, -0.22605896, -0.12185669, 9.404709
1399058651063182239, -0.25224304, -0.15518188, 9.41423
1399058651068065051, -0.24986267, -0.14804077, 9.4665985
1399058651072947864, -0.24510193, -0.090911865, 9.490402
1399058651077830676, -0.29508972, -0.10281372, 9.449936
1399058651083201770, -0.2546234, -0.07901001, 9.47612
1399058651088084582, -0.25224304, -0.09567261, 9.47612
1399058651093455676, -0.2308197, -0.10519409, 9.352341
1399058651098338489, -0.2641449, -0.14328003, 9.435654
1399058651103221301, -0.2546234, -0.1789856, 9.388046
1399058651108104114, -0.2141571, -0.1289978, 9.47374
1399058651112986926, -0.24034119, -0.14089966, 9.47612
1399058651116404895, -0.25938416, -0.10043335, 9.502304
1399058651119822864, -0.27842712, -0.12423706, 9.433273
1399058651123240832, -0.271286, -0.11947632, 9.468979
1399058651130565051, -0.27366638, -0.13851929, 9.399948
1399058651138377551, -0.24510193, -0.112335205, 9.395187
1399058651141795520, -0.24986267, -0.14328003, 9.447556
1399058651145701770, -0.24510193, -0.10281372, 9.47612
1399058651149119739, -0.25938416, -0.09329224, 9.504684
1399058651153025989, -0.26176453, -0.15518188, 9.457077
1399058651159373645, -0.26890564, -0.10281372, 9.445175
1399058651165233020, -0.25224304, -0.08377075, 9.418991
1399058651171580676, -0.25700378, -0.15518188, 9.4665985
1399058651177440051, -0.24510193, -0.16708374, 9.40947
1399058651183299426, -0.2474823, -0.13137817, 9.461838
1399058651188182239, -0.28318787, -0.088531494, 9.449936
1399058651193065051, -0.20225525, -0.13137817, 9.423752
1399058651196483020, -0.271286, -0.10281372, 9.468979
1399058651199900989, -0.23796082, -0.12185669, 9.407089
1399058651203318957, -0.25700378, -0.090911865, 9.399948
1399058651209666614, -0.26652527, -0.12423706, 9.41423
1399058651216014270, -0.2641449, -0.14089966, 9.418991
1399058651221873645, -0.23320007, -0.13375854, 9.440414
1399058651228221301, -0.23320007, -0.10281372, 9.407089
1399058651233592395, -0.24272156, -0.07901001, 9.4023285
1399058651238475207, -0.24272156, -0.12423706, 9.433273
1399058651243846301, -0.2808075, -0.14328003, 9.4023285
1399058651248729114, -0.27366638, -0.14804077, 9.442795
1399058651253611926, -0.24272156, -0.11709595, 9.447556
1399058651257029895, -0.23558044, -0.13137817, 9.504684
1399058651260936145, -0.25938416, -0.11709595, 9.468979
1399058651264354114, -0.23320007, -0.13851929, 9.416611
1399058651268260364, -0.27604675, -0.13851929, 9.438034
1399058651275096301, -0.25700378, -0.15042114, 9.438034
1399058651281932239, -0.21891785, -0.13137817, 9.461838
1399058651288768176, -0.25700378, -0.14328003, 9.488022
1399058651293650989, -0.22129822, -0.114715576, 9.47612
1399058651298533801, -0.25938416, -0.090911865, 9.430893
1399058651303416614, -0.25224304, -0.08377075, 9.435654
1399058651308787707, -0.25224304, -0.09805298, 9.454697
1399058651313670520, -0.2546234, -0.16946411, 9.404709
1399058651318553332, -0.22605896, -0.114715576, 9.41423
1399058651323436145, -0.2474823, -0.12661743, 9.392807
1399058651328807239, -0.22367859, -0.11709595, 9.457077
1399058651333690051, -0.25224304, -0.13375854, 9.416611
1399058651338572864, -0.2308197, -0.10043335, 9.428513
1399058651343943957, -0.24510193, -0.10519409, 9.407089
1399058651348826770, -0.22367859, -0.12423706, 9.497543
1399058651354197864, -0.22843933, -0.10043335, 9.404709
1399058651359080676, -0.24510193, -0.12423706, 9.40947
1399058651363963489, -0.28318787, -0.15518188, 9.40947
1399058651368846301, -0.2474823, -0.13137817, 9.468979
1399058651373729114, -0.29985046, -0.12423706, 9.433273
1399058651377147082, -0.26890564, -0.10281372, 9.497543
1399058651380565051, -0.25938416, -0.12185669, 9.497543
1399058651383983020, -0.27604675, -0.11947632, 9.385666
1399058651391307239, -0.26176453, -0.14089966, 9.407089
1399058651399119739, -0.1974945, -0.12423706, 9.388046
1399058651404002551, -0.27604675, -0.12185669, 9.4785
1399058651408885364, -0.21891785, -0.14328003, 9.457077
1399058651413768176, -0.26652527, -0.08377075, 9.488022
1399058651419139270, -0.24272156, -0.12423706, 9.454697
1399058651424022082, -0.21891785, -0.114715576, 9.435654
1399058651428904895, -0.24986267, -0.13375854, 9.418991
1399058651433787707, -0.23558044, -0.114715576, 9.423752
1399058651439158801, -0.21177673, -0.14804077, 9.366623
1399058651444041614, -0.26176453, -0.109954834, 9.447556
1399058651448924426, -0.24272156, -0.15042114, 9.447556
1399058651453807239, -0.24986267, -0.10757446, 9.41185
1399058651457225207, -0.2641449, -0.12423706, 9.438034
1399058651460643176, -0.25224304, -0.09805298, 9.442795
1399058651464061145, -0.22129822, -0.10519409, 9.397568
1399058651471385364, -0.2141571, -0.08615112, 9.41185
1399058651479197864, -0.22843933, -0.10281372, 9.495163
1399058651484080676, -0.29032898, -0.09329224, 9.426132
1399058651488963489, -0.28318787, -0.12423706, 9.497543
1399058651492381457, -0.2641449, -0.09805298, 9.449936
1399058651495799426, -0.271286, -0.13375854, 9.418991
1399058651499217395, -0.27366638, -0.12423706, 9.430893
1399058651506541614, -0.2474823, -0.112335205, 9.447556
1399058651514354114, -0.271286, -0.14089966, 9.3832855
1399058651519236926, -0.24510193, -0.13137817, 9.454697
1399058651524119739, -0.22129822, -0.10757446, 9.435654
1399058651527537707, -0.21891785, -0.12661743, 9.447556
1399058651530955676, -0.19273376, -0.12661743, 9.421371
1399058651534373645, -0.25700378, -0.13137817, 9.461838
1399058651541697864, -0.24272156, -0.1456604, 9.380905
1399058651549510364, -0.25224304, -0.109954834, 9.426132
1399058651554393176, -0.22367859, -0.11709595, 9.452316
1399058651559275989, -0.2879486, -0.11709595, 9.454697
1399058651562693957, -0.24034119, -0.10043335, 9.404709
1399058651566111926, -0.27366638, -0.114715576, 9.407089
1399058651569529895, -0.2641449, -0.13851929, 9.445175
1399058651576854114, -0.29032898, -0.13375854, 9.3832855
1399058651584666614, -0.2474823, -0.15042114, 9.447556
1399058651589549426, -0.23796082, -0.12185669, 9.483261
1399058651594432239, -0.26176453, -0.114715576, 9.421371
1399058651599315051, -0.26652527, -0.13851929, 9.457077
1399058651604197864, -0.24510193, -0.109954834, 9.468979
1399058651609568957, -0.25224304, -0.09805298, 9.4023285
1399058651614451770, -0.25938416, -0.1289978, 9.452316
1399058651619334582, -0.22367859, -0.1456604, 9.40947
1399058651624705676, -0.23796082, -0.13613892, 9.488022
1399058651629588489, -0.22843933, -0.10043335, 9.428513
1399058651634471301, -0.2308197, -0.09567261, 9.449936
1399058651639354114, -0.21177673, -0.114715576, 9.416611
1399058651644725207, -0.24510193, -0.09805298, 9.407089
1399058651649608020, -0.25224304, -0.1456604, 9.421371
1399058651654490832, -0.26652527, -0.12661743, 9.392807
1399058651659861926, -0.271286, -0.09567261, 9.47612
1399058651664744739, -0.22605896, -0.11947632, 9.452316
1399058651669627551, -0.2641449, -0.162323, 9.4665985
1399058651674510364, -0.25700378, -0.1289978, 9.464218
1399058651679393176, -0.25938416, -0.13137817, 9.41423
1399058651684764270, -0.28556824, -0.1289978, 9.440414
1399058651689647082, -0.22843933, -0.12185669, 9.426132
1399058651695018176, -0.26652527, -0.11947632, 9.521347
1399058651699900989, -0.25700378, -0.13613892, 9.468979
1399058651704783801, -0.2808075, -0.12185669, 9.464218
1399058651709666614, -0.27366638, -0.10281372, 9.399948
1399058651715037707, -0.24986267, -0.09567261, 9.397568
1399058651719920520, -0.2546234, -0.13613892, 9.359482
1399058651724803332, -0.2474823, -0.13851929, 9.516586
1399058651730174426, -0.28318787, -0.13137817, 9.452316
1399058651735057239, -0.2308197, -0.08615112, 9.445175
1399058651737986926, -0.23558044, -0.1289978, 9.397568
1399058651741404895, -0.25700378, -0.15994263, 9.452316
1399058651744822864, -0.2474823, -0.1289978, 9.452316
1399058651749705676, -0.23796082, -0.06472778, 9.499924
1399058651754588489, -0.25224304, -0.12423706, 9.47374
1399058651759959582, -0.271286, -0.13375854, 9.373764
1399058651767283801, -0.25938416, -0.07424927, 9.433273
1399058651775096301, -0.22367859, -0.14089966, 9.423752
1399058651779979114, -0.24272156, -0.10757446, 9.447556
1399058651784861926, -0.29508972, -0.11709595, 9.435654
1399058651789744739, -0.22605896, -0.114715576, 9.421371
1399058651795115832, -0.27604675, -0.112335205, 9.495163
1399058651799998645, -0.24034119, -0.12661743, 9.41185
1399058651804881457, -0.2474823, -0.1289978, 9.423752
1399058651808299426, -0.271286, -0.11947632, 9.438034
1399058651811717395, -0.25938416, -0.162323, 9.428513
1399058651815135364, -0.20939636, -0.08615112, 9.468979
1399058651822459582, -0.24034119, -0.13851929, 9.421371
1399058651830272082, -0.23796082, -0.16708374, 9.395187
1399058651835154895, -0.23558044, -0.14089966, 9.428513
1399058651840037707, -0.22129822, -0.15280151, 9.421371
1399058651847850207, -0.24034119, -0.15994263, 9.369003
1399058651855174426, -0.27842712, -0.09805298, 9.457077
1399058651860057239, -0.26176453, -0.13613892, 9.388046
1399058651865428332, -0.28556824, -0.13851929, 9.488022
1399058651870311145, -0.25938416, -0.13137817, 9.364243
1399058651875193957, -0.23796082, -0.09567261, 9.47612
1399058651880076770, -0.26890564, -0.10519409, 9.426132
1399058651885447864, -0.271286, -0.109954834, 9.471359
1399058651890330676, -0.24510193, -0.10757446, 9.397568
1399058651895213489, -0.23796082, -0.13613892, 9.399948
1399058651900096301, -0.2546234, -0.12423706, 9.47374
1399058651904490832, -0.23796082, -0.1289978, 9.449936
1399058651908397082, -0.21891785, -0.08615112, 9.47374
1399058651912791614, -0.21177673, -0.14328003, 9.428513
1399058651916697864, -0.25224304, -0.1289978, 9.47612
1399058651920604114, -0.2879486, -0.162323, 9.399948
1399058651926463489, -0.271286, -0.13613892, 9.459457
1399058651932322864, -0.24986267, -0.09567261, 9.440414
1399058651938182239, -0.25938416, -0.109954834, 9.445175
1399058651944529895, -0.2641449, -0.114715576, 9.457077
1399058651950389270, -0.21891785, -0.10043335, 9.395187
1399058651955760364, -0.31651306, -0.13375854, 9.461838
1399058651960643176, -0.28318787, -0.088531494, 9.471359
1399058651965525989, -0.22843933, -0.12661743, 9.442795
1399058651970897082, -0.26890564, -0.109954834, 9.440414
1399058651975779895, -0.2641449, -0.15280151, 9.4785
1399058651979686145, -0.23796082, -0.12661743, 9.445175
1399058651984080676, -0.24272156, -0.109954834, 9.459457
1399058651987986926, -0.1974945, -0.12661743, 9.404709
1399058651992381457, -0.2546234, -0.13613892, 9.442795
1399058651996287707, -0.24034119, -0.16470337, 9.407089
1399058652000682239, -0.23796082, -0.14089966, 9.447556
1399058652006541614, -0.24986267, -0.13851929, 9.388046
1399058652012400989, -0.2546234, -0.162323, 9.4785
1399058652018260364, -0.27842712, -0.09329224, 9.454697
1399058652024608020, -0.26652527, -0.10519409, 9.459457
1399058652030467395, -0.27842712, -0.11709595, 9.464218
1399058652035838489, -0.23796082, -0.1289978, 9.3832855
1399058652040721301, -0.22367859, -0.090911865, 9.433273
1399058652045604114, -0.27842712, -0.114715576, 9.438034
1399058652050486926, -0.3046112, -0.14089966, 9.47612
1399058652055858020, -0.25938416, -0.15042114, 9.421371
1399058652060740832, -0.28318787, -0.13137817, 9.421371
1399058652065623645, -0.23320007, -0.13137817, 9.440414
1399058652070994739, -0.2474823, -0.08377075, 9.442795
1399058652075877551, -0.2808075, -0.15994263, 9.440414
1399058652080760364, -0.2641449, -0.14089966, 9.442795
1399058652085643176, -0.2474823, -0.12423706, 9.452316
1399058652091014270, -0.20939636, -0.13851929, 9.471359
1399058652095897082, -0.26652527, -0.09567261, 9.488022
1399058652099803332, -0.23320007, -0.10757446, 9.47612
1399058652103709582, -0.24034119, -0.15042114, 9.445175
1399058652108104114, -0.26176453, -0.10519409, 9.447556
1399058652112010364, -0.26652527, -0.088531494, 9.442795
1399058652115916614, -0.21177673, -0.12185669, 9.47374
1399058652123729114, -0.24510193, -0.10281372, 9.516586
1399058652131053332, -0.24510193, -0.09329224, 9.442795
1399058652135936145, -0.2308197, -0.1456604, 9.4023285
1399058652140818957, -0.24986267, -0.1456604, 9.457077
1399058652145701770, -0.22367859, -0.15042114, 9.480881
1399058652151072864, -0.24986267, -0.112335205, 9.47374
1399058652155955676, -0.25224304, -0.13375854, 9.433273
1399058652160838489, -0.23320007, -0.162323, 9.445175
1399058652166209582, -0.24034119, -0.11947632, 9.457077
1399058652171092395, -0.27366638, -0.109954834, 9.468979
1399058652176463489, -0.2546234, -0.13375854, 9.390427
1399058652181346301, -0.24272156, -0.09329224, 9.433273
1399058652186229114, -0.23796082, -0.12661743, 9.438034
1399058652191111926, -0.22367859, -0.15756226, 9.468979
1399058652195994739, -0.23796082, -0.114715576, 9.433273
1399058652201365832, -0.28318787, -0.1289978, 9.421371
1399058652206248645, -0.22605896, -0.069488525, 9.421371
1399058652211131457, -0.24272156, -0.13375854, 9.454697
1399058652216502551, -0.2141571, -0.112335205, 9.452316
1399058652221385364, -0.24034119, -0.10043335, 9.464218
1399058652226268176, -0.24986267, -0.11947632, 9.435654
1399058652231150989, -0.22367859, -0.11709595, 9.418991
1399058652236033801, -0.20701599, -0.09567261, 9.435654
1399058652241404895, -0.26176453, -0.1289978, 9.435654
1399058652246287707, -0.2308197, -0.15280151, 9.376144
1399058652251170520, -0.27604675, -0.13137817, 9.435654
1399058652256541614, -0.2474823, -0.109954834, 9.483261
1399058652261424426, -0.23320007, -0.112335205, 9.47374
1399058652266307239, -0.25938416, -0.1456604, 9.454697
1399058652271190051, -0.24986267, -0.12661743, 9.395187
1399058652276561145, -0.2641449, -0.13137817, 9.499924
1399058652281443957, -0.2974701, -0.13137817, 9.357101
1399058652286326770, -0.23320007, -0.14089966, 9.433273
1399058652291209582, -0.2879486, -0.15756226, 9.4856415
1399058652296580676, -0.21891785, -0.12185669, 9.435654
1399058652301463489, -0.2474823, -0.10281372, 9.495163
1399058652306834582, -0.22605896, -0.090911865, 9.40947
1399058652311717395, -0.21653748, -0.1289978, 9.442795
1399058652316600207, -0.22605896, -0.12661743, 9.447556
1399058652321483020, -0.2879486, -0.08377075, 8.814377
1399058652326854114, -0.23796082, -0.09567261, 9.159531
1399058652331736926, -0.17845154, -0.13137817, 9.726059
1399058652336619739, -0.16893005, -0.14804077, 10.240219
1399058652340037707, -0.16654968, -0.14089966, 10.230698
1399058652343455676, -0.2546234, -0.13613892, 9.518967
1399058652346385364, -0.29985046, -0.12185669, 8.785812
1399058652354197864, -0.33317566, -0.112335205, 8.64061
1399058652361522082, -0.26890564, -0.12423706, 9.230942
1399058652366404895, -0.25700378, -0.17660522, 9.785568
1399058652371775989, -0.18083191, -0.13851929, 10.006943
1399058652376658801, -0.22605896, -0.10757446, 9.873642
1399058652381541614, -0.29270935, -0.10519409, 9.452316
1399058652386424426, -0.25938416, -0.12423706, 9.061935
1399058652391795520, -0.31651306, -0.12423706, 9.040512
