1399063208834677833, -0.52360535, 0.05429077, 4.191696
1399063208839560645, -0.48789978, -0.06472778, 6.8291473
1399063208844443458, -0.12846375, -0.15518188, 10.794846
1399063208849326270, 0.007217407, -0.17184448, 11.72081
1399063208854209083, -0.057052612, -0.17422485, 11.27092
1399063208859091895, -0.10942078, -0.15042114, 10.494919
1399063208863974708, -0.32603455, -0.08615112, 8.347824
1399063208869834083, -0.41410828, -0.048065186, 7.076706
1399063208874716895, -0.32603455, -0.08377075, 8.416855
1399063208879599708, -0.1403656, -0.09329224, 10.009323
1399063208884482520, -0.09513855, -0.13613892, 10.590134
1399063208889365333, -0.09275818, -0.16470337, 10.30925
1399063208894248145, -0.18083191, -0.16946411, 9.566574
1399063208899130958, -0.24510193, -0.15042114, 8.757248
1399063208904013770, -0.27842712, -0.10519409, 8.623947
1399063208909873145, -0.2141571, -0.12661743, 9.228561
1399063208914755958, -0.16416931, -0.15518188, 9.787949
1399063208919638770, -0.18797302, -0.14089966, 9.973618
1399063208922568458, -0.1736908, -0.15280151, 9.754623
1399063208926474708, -0.25224304, -0.12423706, 9.430893
1399063208929404395, -0.28318787, -0.10519409, 9.069077
1399063208937216895, -0.24510193, -0.10519409, 9.207138
1399063208944052833, -0.22843933, -0.10519409, 9.426132
1399063208949912208, -0.2141571, -0.112335205, 9.621323
1399063208954795020, -0.2141571, -0.10043335, 9.661789
1399063208959677833, -0.19987488, -0.11709595, 9.504684
1399063208964560645, -0.21891785, -0.112335205, 9.335678
1399063208969443458, -0.23796082, -0.14804077, 9.326157
1399063208974326270, -0.20463562, -0.13851929, 9.488022
1399063208979209083, -0.24986267, -0.16708374, 9.559433
1399063208984091895, -0.23320007, -0.14328003, 9.597519
1399063208988974708, -0.21891785, -0.15518188, 9.616562
1399063208994834083, -0.2308197, -0.15042114, 9.457077
1399063208999716895, -0.21891785, -0.112335205, 9.354721
1399063209004599708, -0.1974945, -0.12185669, 9.397568
1399063209009482520, -0.20939636, -0.10281372, 9.492783
1399063209014365333, -0.2308197, -0.12423706, 9.47612
1399063209018271583, -0.22843933, -0.10281372, 9.499924
1399063209021201270, -0.20939636, -0.10043335, 9.471359
1399063209024130958, -0.21177673, -0.109954834, 9.40947
1399063209031943458, -0.18797302, -0.12185669, 9.404709
1399063209039755958, -0.22129822, -0.10281372, 9.421371
1399063209044638770, -0.17845154, -0.13137817, 9.504684
1399063209049521583, -0.21653748, -0.16470337, 9.497543
1399063209054404395, -0.22367859, -0.15994263, 9.492783
1399063209059287208, -0.20701599, -0.12185669, 9.452316
1399063209064170020, -0.25224304, -0.13375854, 9.4856415
1399063209070029395, -0.22605896, -0.13375854, 9.423752
1399063209074912208, -0.22367859, -0.13851929, 9.511826
1399063209079795020, -0.25224304, -0.16470337, 9.452316
1399063209084677833, -0.19987488, -0.11709595, 9.4023285
1399063209089560645, -0.2546234, -0.13137817, 9.464218
1399063209094443458, -0.26890564, -0.12423706, 9.468979
1399063209099326270, -0.21177673, -0.112335205, 9.4785
1399063209104209083, -0.20939636, -0.114715576, 9.471359
1399063209110068458, -0.22367859, -0.09805298, 9.421371
1399063209112998145, -0.24034119, -0.12661743, 9.435654
1399063209115927833, -0.1736908, -0.109954834, 9.490402
1399063209119834083, -0.20225525, -0.13613892, 9.4665985
1399063209127646583, -0.15226746, -0.12185669, 9.464218
1399063209134482520, -0.17131042, -0.13851929, 9.4665985
1399063209139365333, -0.19987488, -0.14804077, 9.457077
1399063209144248145, -0.18321228, -0.13375854, 9.523727
1399063209150107520, -0.21177673, -0.12423706, 9.492783
1399063209154990333, -0.24272156, -0.17660522, 9.442795
1399063209159873145, -0.20463562, -0.16708374, 9.445175
1399063209164755958, -0.20939636, -0.12423706, 9.533249
1399063209169638770, -0.22129822, -0.15518188, 9.440414
1399063209174521583, -0.21891785, -0.10281372, 9.461838
1399063209179404395, -0.22843933, -0.09805298, 9.449936
1399063209184287208, -0.23796082, -0.08377075, 9.454697
1399063209190146583, -0.24034119, -0.10281372, 9.438034
1399063209195029395, -0.21653748, -0.08377075, 9.426132
1399063209199912208, -0.23558044, -0.10519409, 9.4665985
1399063209204795020, -0.22367859, -0.13375854, 9.47374
1399063209207724708, -0.24034119, -0.13613892, 9.504684
1399063209211630958, -0.2474823, -0.1289978, 9.502304
1399063209214560645, -0.2308197, -0.16708374, 9.440414
1399063209222373145, -0.21891785, -0.13613892, 9.4856415
1399063209230185645, -0.20939636, -0.14089966, 9.457077
1399063209235068458, -0.19987488, -0.15042114, 9.447556
1399063209239951270, -0.20225525, -0.13375854, 9.480881
1399063209244834083, -0.23320007, -0.12423706, 9.449936
1399063209249716895, -0.22605896, -0.10519409, 9.426132
1399063209254599708, -0.22843933, -0.09805298, 9.454697
1399063209259482520, -0.21177673, -0.112335205, 9.502304
1399063209265341895, -0.22605896, -0.067108154, 9.442795
1399063209270224708, -0.24034119, -0.14328003, 9.492783
1399063209275107520, -0.2308197, -0.114715576, 9.430893
1399063209279990333, -0.22843933, -0.10043335, 9.457077
1399063209284873145, -0.22843933, -0.11709595, 9.530869
1399063209289755958, -0.24272156, -0.13137817, 9.454697
1399063209294638770, -0.24034119, -0.17660522, 9.461838
1399063209299521583, -0.24034119, -0.13613892, 9.495163
1399063209303427833, -0.23320007, -0.088531494, 9.442795
1399063209307334083, -0.23320007, -0.14089966, 9.435654
1399063209310263770, -0.22605896, -0.12661743, 9.464218
1399063209317099708, -0.18797302, -0.112335205, 9.535629
1399063209324912208, -0.20939636, -0.14804077, 9.457077
1399063209329795020, -0.22843933, -0.09567261, 9.502304
1399063209334677833, -0.2141571, -0.114715576, 9.499924
1399063209339560645, -0.1974945, -0.09805298, 9.4665985
1399063209344443458, -0.21891785, -0.13851929, 9.41423
1399063209350302833, -0.2141571, -0.09329224, 9.41423
1399063209355185645, -0.20701599, -0.11947632, 9.54277
1399063209360068458, -0.19987488, -0.12423706, 9.502304
1399063209364951270, -0.24272156, -0.090911865, 9.423752
1399063209369834083, -0.23558044, -0.09567261, 9.435654
1399063209374716895, -0.20701599, -0.11947632, 9.483261
1399063209379599708, -0.24510193, -0.13375854, 9.47612
1399063209384482520, -0.20225525, -0.15994263, 9.459457
1399063209390341895, -0.22367859, -0.12185669, 9.490402
1399063209395224708, -0.18321228, -0.11709595, 9.464218
1399063209398154395, -0.22605896, -0.14328003, 9.511826
1399063209401084083, -0.1974945, -0.15042114, 9.516586
1399063209404990333, -0.1974945, -0.1289978, 9.459457
1399063209412802833, -0.22367859, -0.114715576, 9.426132
1399063209419638770, -0.20939636, -0.13137817, 9.526108
1399063209424521583, -0.23796082, -0.09805298, 9.47374
1399063209430380958, -0.23320007, -0.09567261, 9.4023285
1399063209435263770, -0.2546234, -0.10043335, 9.509445
1399063209440146583, -0.21177673, -0.12185669, 9.497543
1399063209445029395, -0.25224304, -0.114715576, 9.418991
1399063209449912208, -0.24986267, -0.114715576, 9.533249
1399063209454795020, -0.22605896, -0.1456604, 9.447556
1399063209459677833, -0.22129822, -0.15042114, 9.53801
1399063209464560645, -0.20701599, -0.12423706, 9.4665985
1399063209470420020, -0.2308197, -0.13851929, 9.528488
1399063209475302833, -0.22367859, -0.12661743, 9.499924
1399063209480185645, -0.24034119, -0.12185669, 9.442795
1399063209485068458, -0.20701599, -0.15280151, 9.47612
1399063209489951270, -0.17607117, -0.15042114, 9.385666
1399063209494834083, -0.2141571, -0.10757446, 9.435654
1399063209499716895, -0.20463562, -0.11947632, 9.452316
1399063209503623145, -0.2308197, -0.114715576, 9.47612
1399063209506552833, -0.22843933, -0.09805298, 9.445175
1399063209510459083, -0.1903534, -0.114715576, 9.447556
1399063209517295020, -0.24034119, -0.069488525, 9.461838
1399063209525107520, -0.20463562, -0.12661743, 9.445175
1399063209529990333, -0.19273376, -0.14089966, 9.457077
1399063209534873145, -0.21891785, -0.088531494, 9.490402
1399063209539755958, -0.22367859, -0.12661743, 9.4785
1399063209545615333, -0.21177673, -0.1289978, 9.468979
1399063209550498145, -0.2141571, -0.14089966, 9.499924
1399063209555380958, -0.20225525, -0.16470337, 9.449936
1399063209560263770, -0.23320007, -0.13613892, 9.509445
1399063209565146583, -0.20225525, -0.12661743, 9.471359
1399063209570029395, -0.22605896, -0.13613892, 9.433273
1399063209574912208, -0.20939636, -0.12661743, 9.428513
1399063209579795020, -0.21177673, -0.12661743, 9.461838
1399063209584677833, -0.20939636, -0.11709595, 9.404709
1399063209590537208, -0.22605896, -0.13137817, 9.4665985
1399063209595420020, -0.19273376, -0.09805298, 9.426132
1399063209600302833, -0.22367859, -0.109954834, 9.459457
1399063209605185645, -0.20463562, -0.07901001, 9.433273
1399063209610068458, -0.20701599, -0.14804077, 9.471359
1399063209614951270, -0.24510193, -0.13613892, 9.40947
1399063209619834083, -0.20225525, -0.10281372, 9.457077
1399063209625693458, -0.24272156, -0.14089966, 9.504684
1399063209630576270, -0.21891785, -0.14089966, 9.426132
1399063209635459083, -0.20939636, -0.16470337, 9.468979
1399063209640341895, -0.20701599, -0.17422485, 9.518967
1399063209645224708, -0.19273376, -0.13137817, 9.4785
1399063209650107520, -0.21653748, -0.13851929, 9.428513
1399063209654990333, -0.22367859, -0.12185669, 9.430893
1399063209659873145, -0.24986267, -0.15518188, 9.514206
1399063209664755958, -0.18797302, -0.10043335, 9.47612
1399063209670615333, -0.19987488, -0.10281372, 9.461838
1399063209675498145, -0.20939636, -0.13137817, 9.447556
1399063209680380958, -0.19273376, -0.11709595, 9.457077
1399063209685263770, -0.23796082, -0.13613892, 9.4665985
1399063209690146583, -0.2641449, -0.15518188, 9.507065
1399063209695029395, -0.19511414, -0.114715576, 9.421371
1399063209699912208, -0.24034119, -0.10757446, 9.526108
1399063209705771583, -0.2474823, -0.1289978, 9.499924
1399063209710654395, -0.21891785, -0.14804077, 9.4785
1399063209715537208, -0.24034119, -0.13851929, 9.4665985
1399063209720420020, -0.24510193, -0.12185669, 9.514206
1399063209725302833, -0.17845154, -0.14328003, 9.509445
1399063209730185645, -0.20701599, -0.13851929, 9.4665985
1399063209735068458, -0.19273376, -0.11709595, 9.445175
1399063209739951270, -0.19273376, -0.10281372, 9.454697
1399063209744834083, -0.22129822, -0.10281372, 9.449936
1399063209750693458, -0.20225525, -0.13851929, 9.468979
1399063209755576270, -0.22843933, -0.12423706, 9.457077
1399063209760459083, -0.18083191, -0.10757446, 9.418991
1399063209763388770, -0.23320007, -0.10519409, 9.447556
1399063209766318458, -0.18321228, -0.114715576, 9.497543
1399063209770224708, -0.20225525, -0.112335205, 9.492783
1399063209778037208, -0.22843933, -0.13613892, 9.452316
1399063209785849708, -0.19987488, -0.13375854, 9.4856415
1399063209790732520, -0.2308197, -0.15042114, 9.468979
1399063209795615333, -0.24034119, -0.15994263, 9.518967
1399063209798545020, -0.18797302, -0.14089966, 9.464218
1399063209801474708, -0.2141571, -0.15518188, 9.459457
1399063209805380958, -0.2141571, -0.15756226, 9.483261
1399063209813193458, -0.1736908, -0.15280151, 9.464218
1399063209820029395, -0.21891785, -0.10043335, 9.514206
1399063209825888770, -0.20701599, -0.09805298, 9.447556
1399063209830771583, -0.21653748, -0.14804077, 9.488022
1399063209835654395, -0.2141571, -0.13137817, 9.471359
1399063209840537208, -0.1974945, -0.12185669, 9.4785
1399063209845420020, -0.22843933, -0.16946411, 9.490402
1399063209850302833, -0.21891785, -0.1456604, 9.40947
1399063209855185645, -0.23320007, -0.10757446, 9.41185
1399063209860068458, -0.20939636, -0.13851929, 9.492783
1399063209865927833, -0.19511414, -0.12423706, 9.504684
1399063209870810645, -0.271286, -0.12661743, 9.445175
1399063209875693458, -0.19273376, -0.15280151, 9.447556
1399063209880576270, -0.23558044, -0.13851929, 9.528488
1399063209885459083, -0.22129822, -0.11947632, 9.388046
1399063209890341895, -0.22605896, -0.14089966, 9.495163
1399063209894248145, -0.20939636, -0.16708374, 9.435654
1399063209897177833, -0.1736908, -0.14804077, 9.445175
1399063209900107520, -0.2474823, -0.1456604, 9.428513
1399063209907920020, -0.23320007, -0.10519409, 9.480881
1399063209915732520, -0.22367859, -0.13375854, 9.47374
1399063209920615333, -0.25224304, -0.12185669, 9.461838
1399063209925498145, -0.23796082, -0.10519409, 9.490402
1399063209928427833, -0.20939636, -0.12185669, 9.421371
1399063209932334083, -0.22367859, -0.09805298, 9.416611
1399063209935263770, -0.23558044, -0.112335205, 9.449936
1399063209943076270, -0.21653748, -0.13375854, 9.488022
1399063209950888770, -0.1974945, -0.11947632, 9.392807
1399063209955771583, -0.21891785, -0.14089966, 9.516586
1399063209960654395, -0.23320007, -0.15994263, 9.4856415
1399063209965537208, -0.20701599, -0.12661743, 9.514206
1399063209970420020, -0.24272156, -0.16946411, 9.483261
1399063209975302833, -0.25224304, -0.13375854, 9.4856415
1399063209980185645, -0.23558044, -0.15280151, 9.4665985
1399063209986045020, -0.26652527, -0.11947632, 9.421371
1399063209988974708, -0.2141571, -0.10043335, 9.47612
1399063209992880958, -0.22129822, -0.109954834, 9.454697
1399063209995810645, -0.23320007, -0.07901001, 9.47374
1399063210002646583, -0.23320007, -0.11709595, 9.447556
1399063210010459083, -0.19273376, -0.11709595, 9.490402
1399063210015341895, -0.25700378, -0.13851929, 9.41423
1399063210020224708, -0.20463562, -0.15280151, 9.397568
1399063210024130958, -0.22605896, -0.14089966, 9.507065
1399063210028037208, -0.19987488, -0.1289978, 9.509445
1399063210030966895, -0.20701599, -0.14328003, 9.480881
1399063210037802833, -0.24272156, -0.13375854, 9.516586
1399063210045615333, -0.21653748, -0.14804077, 9.4785
1399063210050498145, -0.22129822, -0.13851929, 9.4785
1399063210055380958, -0.22605896, -0.09567261, 9.507065
1399063210060263770, -0.2141571, -0.13851929, 9.41185
1399063210065146583, -0.19987488, -0.15994263, 9.488022
1399063210071005958, -0.24510193, -0.1289978, 9.483261
1399063210075888770, -0.19273376, -0.14328003, 9.516586
1399063210080771583, -0.18797302, -0.1289978, 9.454697
1399063210085654395, -0.23320007, -0.112335205, 9.447556
1399063210090537208, -0.24034119, -0.11947632, 9.504684
1399063210095420020, -0.24986267, -0.1289978, 9.404709
1399063210100302833, -0.18797302, -0.13137817, 9.442795
1399063210106162208, -0.1974945, -0.12185669, 9.433273
1399063210111045020, -0.20463562, -0.15756226, 9.428513
1399063210115927833, -0.24034119, -0.162323, 9.4785
1399063210120810645, -0.24034119, -0.15756226, 9.464218
1399063210125693458, -0.2308197, -0.13613892, 9.459457
1399063210128623145, -0.26652527, -0.112335205, 9.426132
1399063210131552833, -0.22605896, -0.10519409, 9.449936
1399063210135459083, -0.22605896, -0.12423706, 9.442795
1399063210143271583, -0.23320007, -0.13137817, 9.459457
1399063210151084083, -0.20939636, -0.13137817, 9.464218
1399063210155966895, -0.1974945, -0.112335205, 9.445175
1399063210160849708, -0.24272156, -0.090911865, 9.528488
1399063210165732520, -0.2641449, -0.14089966, 9.435654
1399063210170615333, -0.23558044, -0.11947632, 9.4665985
1399063210175498145, -0.20939636, -0.12185669, 9.438034
1399063210180380958, -0.25224304, -0.12661743, 9.442795
1399063210186240333, -0.22129822, -0.14804077, 9.438034
1399063210191123145, -0.2546234, -0.1289978, 9.47374
1399063210196005958, -0.21891785, -0.15042114, 9.423752
1399063210200888770, -0.24034119, -0.13851929, 9.4785
1399063210205771583, -0.20225525, -0.15756226, 9.440414
1399063210210654395, -0.19511414, -0.13613892, 9.514206
1399063210215537208, -0.2308197, -0.14089966, 9.533249
1399063210220420020, -0.2308197, -0.15042114, 9.468979
1399063210226279395, -0.19987488, -0.15994263, 9.521347
1399063210231162208, -0.20939636, -0.12423706, 9.435654
1399063210236045020, -0.19987488, -0.114715576, 9.423752
1399063210240927833, -0.23796082, -0.1456604, 9.41423
1399063210245810645, -0.20225525, -0.15994263, 9.459457
1399063210250693458, -0.21891785, -0.10281372, 9.385666
1399063210255576270, -0.24034119, -0.10043335, 9.438034
1399063210260459083, -0.19273376, -0.1289978, 9.454697
1399063210266318458, -0.20701599, -0.13137817, 9.488022
1399063210271201270, -0.19273376, -0.112335205, 9.502304
1399063210276084083, -0.1903534, -0.13851929, 9.495163
1399063210280966895, -0.2141571, -0.14804077, 9.440414
1399063210285849708, -0.21177673, -0.14089966, 9.426132
1399063210290732520, -0.21653748, -0.13375854, 9.54277
1399063210295615333, -0.20463562, -0.13613892, 9.4665985
1399063210300498145, -0.2141571, -0.11709595, 9.488022
1399063210306357520, -0.17845154, -0.10043335, 9.492783
1399063210311240333, -0.25938416, -0.16708374, 9.449936
1399063210316123145, -0.22367859, -0.11947632, 9.397568
1399063210321005958, -0.23796082, -0.15280151, 9.468979
1399063210325888770, -0.19987488, -0.114715576, 9.4023285
1399063210330771583, -0.20701599, -0.12661743, 9.438034
1399063210335654395, -0.22129822, -0.10519409, 9.518967
1399063210340537208, -0.20463562, -0.11947632, 9.480881
1399063210346396583, -0.1903534, -0.12661743, 9.468979
1399063210351279395, -0.19273376, -0.12423706, 9.533249
1399063210356162208, -0.24034119, -0.12423706, 9.416611
1399063210361045020, -0.23796082, -0.13851929, 9.430893
1399063210365927833, -0.24034119, -0.15994263, 9.4856415
1399063210370810645, -0.22843933, -0.10519409, 9.461838
1399063210375693458, -0.23796082, -0.13613892, 9.502304
1399063210380576270, -0.21177673, -0.114715576, 9.461838
1399063210386435645, -0.21653748, -0.12185669, 9.4785
1399063210391318458, -0.21177673, -0.14089966, 9.461838
1399063210396201270, -0.21177673, -0.13851929, 9.488022
1399063210401084083, -0.21177673, -0.13851929, 9.468979
1399063210405966895, -0.20701599, -0.109954834, 9.504684
1399063210410849708, -0.23320007, -0.114715576, 9.516586
1399063210415732520, -0.22129822, -0.12185669, 9.492783
1399063210420615333, -0.23796082, -0.13613892, 9.4665985
1399063210426474708, -0.26176453, -0.13851929, 9.490402
1399063210431357520, -0.18559265, -0.1456604, 9.4856415
1399063210436240333, -0.2141571, -0.12661743, 9.492783
1399063210441123145, -0.19273376, -0.1289978, 9.509445
1399063210446005958, -0.23320007, -0.10281372, 9.504684
1399063210449912208, -0.22129822, -0.14804077, 9.507065
1399063210452841895, -0.26176453, -0.1289978, 9.54277
1399063210455771583, -0.22367859, -0.109954834, 9.464218
1399063210463584083, -0.22605896, -0.13613892, 9.454697
1399063210471396583, -0.23320007, -0.11947632, 9.426132
1399063210476279395, -0.2308197, -0.09805298, 9.47374
1399063210481162208, -0.24272156, -0.114715576, 9.509445
1399063210486045020, -0.26890564, -0.12661743, 9.490402
1399063210490927833, -0.24510193, -0.14804077, 9.488022
1399063210495810645, -0.25700378, -0.109954834, 9.47612
1399063210500693458, -0.22605896, -0.13613892, 9.430893
1399063210506552833, -0.20939636, -0.112335205, 9.395187
1399063210511435645, -0.23320007, -0.13851929, 9.447556
1399063210516318458, -0.20225525, -0.11709595, 9.511826
1399063210521201270, -0.22129822, -0.13375854, 9.454697
1399063210526084083, -0.20225525, -0.14804077, 9.507065
1399063210530966895, -0.2308197, -0.12423706, 9.4856415
1399063210535849708, -0.1570282, -0.16708374, 9.471359
1399063210540732520, -0.22605896, -0.16708374, 9.488022
1399063210544638770, -0.20225525, -0.12185669, 9.464218
1399063210547568458, -0.20701599, -0.13851929, 9.4665985
1399063210551474708, -0.25700378, -0.112335205, 9.526108
1399063210558310645, -0.20225525, -0.109954834, 9.435654
1399063210566123145, -0.20463562, -0.13137817, 9.483261
1399063210571005958, -0.2141571, -0.10043335, 9.40947
1399063210575888770, -0.20939636, -0.13851929, 9.495163
1399063210580771583, -0.24272156, -0.14328003, 9.490402
1399063210586630958, -0.18083191, -0.13613892, 9.499924
1399063210591513770, -0.24272156, -0.10043335, 9.440414
1399063210596396583, -0.2141571, -0.112335205, 9.457077
1399063210601279395, -0.21653748, -0.12423706, 9.459457
1399063210606162208, -0.23796082, -0.15280151, 9.4665985
1399063210611045020, -0.21177673, -0.13613892, 9.499924
1399063210615927833, -0.20939636, -0.13375854, 9.464218
1399063210620810645, -0.20463562, -0.13613892, 9.499924
1399063210626670020, -0.1974945, -0.08377075, 9.440414
1399063210631552833, -0.23796082, -0.1456604, 9.497543
1399063210636435645, -0.23320007, -0.15994263, 9.385666
1399063210641318458, -0.20701599, -0.14328003, 9.435654
1399063210646201270, -0.22843933, -0.09567261, 9.438034
1399063210651084083, -0.18321228, -0.112335205, 9.516586
1399063210655966895, -0.2474823, -0.10519409, 9.421371
1399063210660849708, -0.26176453, -0.13137817, 9.454697
1399063210666709083, -0.22843933, -0.09329224, 9.497543
1399063210671591895, -0.24272156, -0.12185669, 9.421371
1399063210676474708, -0.22843933, -0.15280151, 9.495163
1399063210681357520, -0.20701599, -0.08139038, 9.440414
1399063210686240333, -0.22605896, -0.15280151, 9.490402
1399063210691123145, -0.1903534, -0.11947632, 9.464218
1399063210696005958, -0.22605896, -0.12661743, 9.449936
1399063210699912208, -0.22129822, -0.16470337, 9.480881
1399063210703818458, -0.22367859, -0.13851929, 9.468979
1399063210706748145, -0.21891785, -0.11947632, 9.507065
1399063210713584083, -0.23320007, -0.1289978, 9.499924
1399063210721396583, -0.21891785, -0.13375854, 9.447556
1399063210726279395, -0.21891785, -0.08139038, 9.4856415
1399063210731162208, -0.15464783, -0.109954834, 9.499924
1399063210736045020, -0.21891785, -0.12661743, 9.452316
1399063210740927833, -0.20701599, -0.0718689, 9.495163
1399063210746787208, -0.22605896, -0.1289978, 9.47374
1399063210751670020, -0.1974945, -0.13613892, 9.4856415
1399063210756552833, -0.23320007, -0.15994263, 9.433273
1399063210761435645, -0.19987488, -0.1289978, 9.459457
1399063210766318458, -0.24272156, -0.13137817, 9.452316
1399063210771201270, -0.25224304, -0.1789856, 9.40947
1399063210776084083, -0.22367859, -0.1289978, 9.488022
1399063210781943458, -0.23320007, -0.11709595, 9.480881
1399063210786826270, -0.18083191, -0.109954834, 9.464218
1399063210791709083, -0.21177673, -0.1456604, 9.426132
1399063210796591895, -0.21177673, -0.11947632, 9.457077
1399063210801474708, -0.23558044, -0.112335205, 9.452316
1399063210806357520, -0.21177673, -0.13375854, 9.438034
1399063210811240333, -0.23796082, -0.12661743, 9.41185
1399063210816123145, -0.21653748, -0.13613892, 9.490402
1399063210821005958, -0.23796082, -0.10043335, 9.492783
1399063210826865333, -0.19273376, -0.13137817, 9.518967
1399063210829795020, -0.19273376, -0.14804077, 9.4856415
1399063210832724708, -0.24986267, -0.162323, 9.457077
1399063210836630958, -0.2308197, -0.13851929, 9.47612
1399063210844443458, -0.23796082, -0.12185669, 9.464218
1399063210851279395, -0.23558044, -0.15994263, 9.461838
1399063210856162208, -0.23320007, -0.13137817, 9.438034
1399063210862021583, -0.2308197, -0.13137817, 9.497543
1399063210866904395, -0.2474823, -0.09567261, 9.407089
1399063210871787208, -0.20939636, -0.14089966, 9.40947
1399063210876670020, -0.20701599, -0.12185669, 9.464218
1399063210881552833, -0.23558044, -0.11709595, 9.461838
1399063210886435645, -0.19511414, -0.114715576, 9.395187
1399063210891318458, -0.21653748, -0.12185669, 9.428513
1399063210896201270, -0.21177673, -0.09567261, 9.516586
1399063210900107520, -0.19987488, -0.12185669, 9.438034
1399063210903037208, -0.1974945, -0.16708374, 9.454697
1399063210906943458, -0.2141571, -0.1289978, 9.457077
1399063210913779395, -0.26890564, -0.11947632, 9.488022
1399063210921591895, -0.22843933, -0.112335205, 9.454697
1399063210926474708, -0.2141571, -0.12423706, 9.47374
1399063210931357520, -0.23558044, -0.13613892, 9.442795
1399063210935263770, -0.24510193, -0.12423706, 9.47612
1399063210938193458, -0.21891785, -0.16708374, 9.4665985
1399063210942099708, -0.24034119, -0.09805298, 9.507065
1399063210948935645, -0.20701599, -0.162323, 9.430893
1399063210956748145, -0.2141571, -0.09805298, 9.528488
1399063210961630958, -0.20939636, -0.13613892, 9.499924
1399063210966513770, -0.2474823, -0.13613892, 9.514206
1399063210971396583, -0.18321228, -0.12185669, 9.47612
1399063210976279395, -0.23558044, -0.13137817, 9.468979
1399063210981162208, -0.26176453, -0.12185669, 9.416611
1399063210987021583, -0.24510193, -0.12423706, 9.447556
1399063210991904395, -0.22129822, -0.13137817, 9.4023285
1399063210996787208, -0.24510193, -0.12423706, 9.438034
1399063211001670020, -0.21653748, -0.17422485, 9.468979
1399063211004599708, -0.21653748, -0.12661743, 9.4665985
1399063211008505958, -0.22605896, -0.17422485, 9.457077
1399063211011435645, -0.22843933, -0.14328003, 9.483261
1399063211019248145, -0.22129822, -0.12423706, 9.511826
1399063211027060645, -0.21653748, -0.13137817, 9.457077
1399063211031943458, -0.2641449, -0.14804077, 9.468979
1399063211036826270, -0.21653748, -0.12423706, 9.454697
1399063211041709083, -0.19987488, -0.14804077, 9.442795
1399063211046591895, -0.2141571, -0.10757446, 9.454697
1399063211051474708, -0.21653748, -0.1289978, 9.438034
1399063211056357520, -0.2308197, -0.13137817, 9.471359
1399063211061240333, -0.20701599, -0.14804077, 9.433273
1399063211067099708, -0.22129822, -0.1456604, 9.428513
1399063211071982520, -0.20463562, -0.12185669, 9.495163
1399063211076865333, -0.21891785, -0.15756226, 9.452316
1399063211081748145, -0.20463562, -0.15280151, 9.435654
1399063211086630958, -0.24034119, -0.1456604, 9.4665985
1399063211091513770, -0.2141571, -0.109954834, 9.440414
1399063211096396583, -0.20939636, -0.114715576, 9.428513
1399063211102255958, -0.22843933, -0.12185669, 9.423752
1399063211107138770, -0.20225525, -0.12185669, 9.507065
1399063211112021583, -0.22129822, -0.13137817, 9.468979
1399063211116904395, -0.18797302, -0.16470337, 9.461838
1399063211121787208, -0.21177673, -0.109954834, 9.421371
1399063211126670020, -0.22367859, -0.112335205, 9.554672
1399063211131552833, -0.20939636, -0.114715576, 9.407089
1399063211136435645, -0.22129822, -0.12423706, 9.41185
1399063211141318458, -0.22843933, -0.10519409, 9.497543
1399063211145224708, -0.21177673, -0.11709595, 9.397568
1399063211149130958, -0.21891785, -0.114715576, 9.526108
1399063211152060645, -0.20225525, -0.10281372, 9.440414
1399063211158896583, -0.21653748, -0.13137817, 9.490402
1399063211166709083, -0.2141571, -0.15280151, 9.502304
1399063211171591895, -0.24272156, -0.14089966, 9.459457
1399063211176474708, -0.2308197, -0.14804077, 9.407089
1399063211180380958, -0.20225525, -0.16708374, 9.514206
1399063211184287208, -0.20701599, -0.162323, 9.497543
1399063211187216895, -0.20939636, -0.12185669, 9.41423
1399063211194052833, -0.21891785, -0.1456604, 9.495163
1399063211201865333, -0.2308197, -0.18136597, 9.428513
1399063211206748145, -0.24510193, -0.1456604, 9.435654
1399063211211630958, -0.25224304, -0.10519409, 9.490402
1399063211215537208, -0.18083191, -0.13613892, 9.4785
1399063211218466895, -0.23558044, -0.13137817, 9.47612
1399063211221396583, -0.21177673, -0.13613892, 9.433273
1399063211229209083, -0.20939636, -0.12661743, 9.4785
1399063211237021583, -0.22367859, -0.11947632, 9.464218
1399063211241904395, -0.20701599, -0.14804077, 9.438034
1399063211246787208, -0.19273376, -0.10757446, 9.504684
1399063211250693458, -0.20939636, -0.11709595, 9.457077
1399063211253623145, -0.22367859, -0.09329224, 9.428513
1399063211256552833, -0.19273376, -0.12661743, 9.445175
1399063211264365333, -0.22367859, -0.112335205, 9.480881
1399063211272177833, -0.22605896, -0.12661743, 9.504684
1399063211277060645, -0.21177673, -0.15280151, 9.523727
1399063211281943458, -0.22843933, -0.08615112, 9.438034
1399063211286826270, -0.22129822, -0.12423706, 9.459457
1399063211291709083, -0.21653748, -0.09329224, 9.521347
1399063211296591895, -0.21177673, -0.1456604, 9.442795
1399063211301474708, -0.22129822, -0.12423706, 9.433273
1399063211307334083, -0.20701599, -0.10519409, 9.47612
1399063211312216895, -0.2308197, -0.14804077, 9.41185
1399063211317099708, -0.23558044, -0.1456604, 9.518967
1399063211321982520, -0.2308197, -0.12423706, 9.483261
1399063211326865333, -0.17607117, -0.1289978, 9.47374
1399063211331748145, -0.19511414, -0.14328003, 9.502304
1399063211336630958, -0.22843933, -0.13375854, 9.454697
1399063211342490333, -0.19511414, -0.1456604, 9.428513
1399063211347373145, -0.23320007, -0.14328003, 9.459457
1399063211352255958, -0.22605896, -0.1289978, 9.392807
1399063211355185645, -0.20463562, -0.13613892, 9.471359
1399063211358115333, -0.22367859, -0.109954834, 9.483261
1399063211362021583, -0.22129822, -0.16708374, 9.495163
1399063211369834083, -0.22367859, -0.1456604, 9.438034
1399063211376670020, -0.23320007, -0.10757446, 9.452316
1399063211381552833, -0.22367859, -0.11709595, 9.4856415
1399063211387412208, -0.21177673, -0.15280151, 9.447556
1399063211392295020, -0.23558044, -0.13137817, 9.428513
1399063211397177833, -0.2141571, -0.1289978, 9.445175
1399063211402060645, -0.25224304, -0.11709595, 9.457077
1399063211406943458, -0.19987488, -0.14804077, 9.423752
1399063211411826270, -0.20701599, -0.13613892, 9.4785
1399063211416709083, -0.18797302, -0.14328003, 9.47612
1399063211422568458, -0.2308197, -0.15280151, 9.488022
1399063211425498145, -0.1974945, -0.114715576, 9.440414
1399063211428427833, -0.21177673, -0.114715576, 9.497543
1399063211432334083, -0.22843933, -0.109954834, 9.407089
1399063211439170020, -0.20225525, -0.14089966, 9.452316
1399063211446982520, -0.23796082, -0.1456604, 9.452316
1399063211451865333, -0.21653748, -0.13613892, 9.438034
1399063211456748145, -0.22367859, -0.15042114, 9.454697
1399063211462607520, -0.21891785, -0.12661743, 9.445175
1399063211467490333, -0.18321228, -0.12185669, 9.4665985
1399063211472373145, -0.20225525, -0.12423706, 9.483261
1399063211477255958, -0.21653748, -0.162323, 9.395187
1399063211482138770, -0.22367859, -0.088531494, 9.468979
1399063211487021583, -0.21653748, -0.109954834, 9.459457
1399063211491904395, -0.18321228, -0.162323, 9.492783
1399063211495810645, -0.2308197, -0.12423706, 9.533249
1399063211498740333, -0.2308197, -0.12661743, 9.483261
1399063211502646583, -0.23796082, -0.114715576, 9.490402
1399063211509482520, -0.22843933, -0.13137817, 9.457077
1399063211517295020, -0.2546234, -0.1289978, 9.445175
1399063211522177833, -0.2141571, -0.114715576, 9.416611
1399063211527060645, -0.17845154, -0.10757446, 9.488022
1399063211530966895, -0.23558044, -0.1289978, 9.4856415
1399063211533896583, -0.20463562, -0.109954834, 9.464218
1399063211536826270, -0.18559265, -0.12185669, 9.488022
1399063211544638770, -0.2308197, -0.10281372, 9.47374
1399063211552451270, -0.23320007, -0.16946411, 9.490402
1399063211557334083, -0.24034119, -0.13613892, 9.438034
1399063211562216895, -0.18083191, -0.15280151, 9.428513
1399063211567099708, -0.16893005, -0.112335205, 9.454697
1399063211571982520, -0.20701599, -0.15756226, 9.438034
1399063211576865333, -0.20701599, -0.10757446, 9.433273
1399063211582724708, -0.22843933, -0.13851929, 9.388046
1399063211587607520, -0.18083191, -0.13613892, 9.514206
1399063211592490333, -0.23320007, -0.11947632, 9.390427
1399063211597373145, -0.22129822, -0.13137817, 9.4665985
1399063211602255958, -0.22843933, -0.11947632, 9.518967
1399063211607138770, -0.2141571, -0.112335205, 9.461838
1399063211612021583, -0.19511414, -0.13613892, 9.440414
1399063211616904395, -0.22367859, -0.12423706, 9.490402
1399063211622763770, -0.24272156, -0.1456604, 9.3832855
1399063211625693458, -0.22605896, -0.14089966, 9.459457
1399063211629599708, -0.21653748, -0.08139038, 9.504684
1399063211632529395, -0.18559265, -0.12185669, 9.423752
1399063211639365333, -0.21653748, -0.10281372, 9.428513
1399063211647177833, -0.18559265, -0.08615112, 9.504684
1399063211652060645, -0.20701599, -0.11947632, 9.421371
1399063211656943458, -0.20701599, -0.10043335, 9.459457
1399063211662802833, -0.20701599, -0.13613892, 9.528488
1399063211667685645, -0.22367859, -0.17184448, 9.40947
1399063211672568458, -0.22605896, -0.13613892, 9.457077
1399063211677451270, -0.1974945, -0.15994263, 9.457077
1399063211682334083, -0.19987488, -0.15280151, 9.497543
1399063211687216895, -0.22129822, -0.11709595, 9.459457
1399063211692099708, -0.22843933, -0.14089966, 9.464218
1399063211696982520, -0.23320007, -0.13613892, 9.468979
1399063211702841895, -0.24986267, -0.11709595, 9.461838
1399063211707724708, -0.23558044, -0.10519409, 9.471359
1399063211712607520, -0.23558044, -0.109954834, 9.461838
1399063211717490333, -0.20939636, -0.109954834, 9.464218
1399063211720420020, -0.2641449, -0.13375854, 9.459457
1399063211723349708, -0.24986267, -0.112335205, 9.488022
1399063211727255958, -0.18559265, -0.14328003, 9.471359
1399063211735068458, -0.24272156, -0.14089966, 9.497543
1399063211742880958, -0.22129822, -0.1456604, 9.464218
1399063211747763770, -0.23320007, -0.1289978, 9.504684
1399063211752646583, -0.23558044, -0.14328003, 9.507065
1399063211757529395, -0.23558044, -0.13613892, 9.480881
1399063211762412208, -0.20939636, -0.1456604, 9.471359
1399063211767295020, -0.26652527, -0.13137817, 9.497543
1399063211772177833, -0.23320007, -0.11709595, 9.41423
1399063211777060645, -0.22843933, -0.13137817, 8.945297
1399063211780966895, -0.20463562, -0.1956482, 9.740341
1399063211783896583, -0.1403656, -0.007598877, 9.188095
1399063211787802833, -0.17131042, -0.021881104, 9.3452
1399063211794638770, -0.1570282, -0.05758667, 10.233078
1399063211802451270, -0.26652527, -0.16470337, 9.304733
1399063211807334083, -0.2546234, -0.16470337, 9.335678
1399063211812216895, -0.20701599, -0.2027893, 9.223801
1399063211817099708, -0.24510193, -0.2027893, 9.490402
1399063211822959083, -0.24034119, -0.21469116, 9.278549
1399063211827841895, -0.2474823, -0.114715576, 9.468979
1399063211832724708, -0.20463562, -0.0385437, 9.6332245
1399063211837607520, -0.26176453, -0.052825928, 9.100021
1399063211842490333, -0.21653748, -0.0718689, 10.102158
1399063211847373145, -0.28318787, -0.13613892, 9.150009
1399063211852255958, -0.15940857, -0.109954834, 9.3190155
1399063211858115333, -0.20463562, -0.13137817, 9.3832855
1399063211862998145, -0.22367859, -0.17660522, 9.359482
1399063211867880958, -0.2141571, -0.1789856, 9.492783
1399063211872763770, -0.17131042, -0.11709595, 9.307114
1399063211875693458, -0.18083191, -0.088531494, 9.659409
1399063211879599708, -0.19511414, -0.12423706, 9.41423
1399063211882529395, -0.20225525, -0.07901001, 9.654648
1399063211890341895, -0.271286, -0.14804077, 9.385666
1399063211897177833, -0.22843933, -0.15518188, 9.488022
1399063211903037208, -0.2474823, -0.12661743, 9.34996
1399063211907920020, -0.25224304, -0.17184448, 9.457077
1399063211912802833, -0.1903534, -0.12661743, 9.269028
1399063211917685645, -0.22367859, -0.13851929, 9.514206
1399063211922568458, -0.22367859, -0.10281372, 9.423752
1399063211927451270, -0.20463562, -0.10281372, 9.699875
1399063211932334083, -0.26890564, -0.067108154, 9.483261
1399063211937216895, -0.2474823, -0.088531494, 9.4665985
1399063211943076270, -0.24272156, -0.12661743, 9.471359
1399063211947959083, -0.22843933, -0.13851929, 9.314255
1399063211952841895, -0.21177673, -0.11947632, 9.259506
1399063211957724708, -0.21177673, -0.12661743, 9.388046
1399063211962607520, -0.20939636, -0.090911865, 9.585617
1399063211967490333, -0.23796082, -0.09567261, 9.559433
1399063211972373145, -0.1903534, -0.05996704, 9.649887
1399063211977255958, -0.23320007, -0.114715576, 9.623703
1399063211983115333, -0.20225525, -0.14804077, 9.504684
1399063211987998145, -0.21653748, -0.17184448, 9.366623
1399063211992880958, -0.19273376, -0.19326782, 9.461838
1399063211997763770, -0.19273376, -0.14804077, 9.323776
1399063212002646583, -0.18321228, -0.13851929, 9.464218
1399063212007529395, -0.20463562, -0.0718689, 9.578476
1399063212012412208, -0.18797302, -0.052825928, 9.464218
1399063212017295020, -0.24510193, -0.069488525, 9.528488
1399063212022177833, -0.271286, -0.10043335, 9.442795
1399063212028037208, -0.20939636, -0.14089966, 9.442795
1399063212032920020, -0.23796082, -0.19326782, 9.34996
1399063212037802833, -0.20701599, -0.20755005, 9.3452
1399063212042685645, -0.20701599, -0.14328003, 9.583237
1399063212047568458, -0.25938416, -0.11709595, 9.492783
1399063212052451270, -0.2641449, -0.07901001, 9.60466
1399063212057334083, -0.22605896, -0.10757446, 9.504684
1399063212063193458, -0.21653748, -0.114715576, 9.587997
1399063212068076270, -0.23558044, -0.16946411, 9.440414
1399063212072959083, -0.18797302, -0.15994263, 9.314255
1399063212077841895, -0.18321228, -0.15756226, 9.490402
1399063212082724708, -0.24510193, -0.114715576, 9.3190155
1399063212087607520, -0.22129822, -0.0718689, 9.4856415
1399063212092490333, -0.1903534, -0.07424927, 9.590378
1399063212097373145, -0.16893005, -0.08377075, 9.397568
1399063212102255958, -0.18321228, -0.10281372, 9.573715
1399063212108115333, -0.17607117, -0.1456604, 9.623703
1399063212112998145, -0.22129822, -0.16470337, 9.4023285
1399063212117880958, -0.22605896, -0.19802856, 9.41185
1399063212121787208, -0.24272156, -0.16946411, 9.528488
1399063212125693458, -0.22367859, -0.16708374, 9.430893
1399063212129599708, -0.23558044, -0.12423706, 9.371384
1399063212133505958, -0.18559265, -0.1289978, 9.609421
1399063212137412208, -0.23558044, -0.10757446, 9.442795
1399063212143271583, -0.26652527, -0.13851929, 9.447556
1399063212148154395, -0.25938416, -0.13851929, 9.66893
1399063212153037208, -0.24986267, -0.12661743, 9.352341
1399063212157920020, -0.2546234, -0.162323, 9.421371
1399063212162802833, -0.25938416, -0.1456604, 9.480881
1399063212168662208, -0.21891785, -0.15280151, 9.452316
1399063212174521583, -0.24510193, -0.114715576, 9.369003
1399063212180380958, -0.21653748, -0.07662964, 9.67131
1399063212187216895, -0.21177673, -0.08139038, 9.54039
1399063212193076270, -0.19987488, -0.07424927, 9.416611
1399063212197959083, -0.21891785, -0.12423706, 9.54039
1399063212202841895, -0.22367859, -0.15994263, 9.502304
1399063212207724708, -0.16178894, -0.13375854, 9.342819
1399063212213584083, -0.20939636, -0.17660522, 9.430893
1399063212218466895, -0.16654968, -0.15756226, 9.352341
1399063212223349708, -0.19987488, -0.15518188, 9.390427
1399063212228232520, -0.1903534, -0.15280151, 9.547531
1399063212233115333, -0.18083191, -0.09329224, 9.583237
1399063212237998145, -0.23320007, -0.13137817, 9.535629
1399063212242880958, -0.22129822, -0.11947632, 9.518967
1399063212247763770, -0.22129822, -0.14328003, 9.521347
1399063212252646583, -0.23796082, -0.12661743, 9.338058
1399063212257529395, -0.20463562, -0.114715576, 9.404709
1399063212262412208, -0.24272156, -0.112335205, 9.490402
1399063212268271583, -0.24510193, -0.07901001, 9.340439
1399063212273154395, -0.25700378, -0.08377075, 9.535629
1399063212278037208, -0.22605896, -0.10281372, 9.533249
1399063212282920020, -0.26890564, -0.088531494, 9.4665985
1399063212287802833, -0.2546234, -0.162323, 9.40947
1399063212293662208, -0.2474823, -0.19088745, 9.4856415
1399063212298545020, -0.22367859, -0.2194519, 9.445175
1399063212303427833, -0.20939636, -0.18612671, 9.385666
1399063212307334083, -0.17131042, -0.13613892, 9.545151
1399063212311240333, -0.1736908, -0.08615112, 9.433273
1399063212315146583, -0.22605896, -0.11709595, 9.4785
1399063212319052833, -0.1903534, -0.09567261, 9.54277
1399063212322959083, -0.22843933, -0.13137817, 9.378525
1399063212330771583, -0.18559265, -0.13137817, 9.430893
1399063212337607520, -0.17845154, -0.13137817, 9.521347
1399063212342490333, -0.19987488, -0.109954834, 9.288071
1399063212348349708, -0.271286, -0.12661743, 9.457077
1399063212353232520, -0.1974945, -0.12185669, 9.47374
1399063212358115333, -0.22843933, -0.12423706, 9.568954
1399063212362998145, -0.24986267, -0.15280151, 9.4023285
1399063212367880958, -0.26176453, -0.112335205, 9.4856415
1399063212372763770, -0.24272156, -0.1289978, 9.459457
1399063212376670020, -0.22129822, -0.16708374, 9.447556
1399063212379599708, -0.22367859, -0.14804077, 9.499924
1399063212383505958, -0.2546234, -0.10043335, 9.452316
1399063212390341895, -0.22843933, -0.12661743, 9.47374
1399063212398154395, -0.21891785, -0.13375854, 9.492783
1399063212403037208, -0.18797302, -0.12661743, 9.464218
1399063212407920020, -0.20701599, -0.17422485, 9.480881
1399063212412802833, -0.26652527, -0.14328003, 9.488022
1399063212417685645, -0.1736908, -0.14804077, 9.404709
1399063212422568458, -0.19511414, -0.15042114, 9.392807
1399063212428427833, -0.19511414, -0.114715576, 9.47612
1399063212433310645, -0.18797302, -0.109954834, 9.4785
1399063212438193458, -0.1570282, -0.05996704, 9.369003
1399063212443076270, -0.19273376, -0.112335205, 9.4665985
1399063212447959083, -0.1903534, -0.1289978, 9.34996
1399063212452841895, -0.23558044, -0.11947632, 9.407089
1399063212457724708, -0.20939636, -0.1289978, 9.483261
1399063212462607520, -0.24510193, -0.1456604, 9.480881
1399063212468466895, -0.24510193, -0.14328003, 9.4665985
1399063212473349708, -0.22605896, -0.15756226, 9.516586
1399063212478232520, -0.24510193, -0.10757446, 9.445175
1399063212483115333, -0.2474823, -0.13851929, 9.452316
1399063212487998145, -0.20701599, -0.12185669, 9.468979
1399063212492880958, -0.27842712, -0.1289978, 9.573715
1399063212497763770, -0.2141571, -0.112335205, 9.428513
1399063212502646583, -0.23558044, -0.12423706, 9.461838
1399063212508505958, -0.22605896, -0.114715576, 9.397568
1399063212513388770, -0.22367859, -0.11947632, 9.435654
1399063212518271583, -0.22843933, -0.12423706, 9.388046
1399063212523154395, -0.18321228, -0.114715576, 9.452316
1399063212528037208, -0.16416931, -0.09805298, 9.468979
1399063212531943458, -0.22367859, -0.10519409, 9.449936
1399063212535849708, -0.22843933, -0.15280151, 9.526108
1399063212539755958, -0.1736908, -0.15756226, 9.53801
1399063212544638770, -0.21891785, -0.19088745, 9.488022
1399063212548545020, -0.20225525, -0.16946411, 9.488022
1399063212555380958, -0.24034119, -0.15756226, 9.490402
1399063212563193458, -0.25224304, -0.13851929, 9.407089
1399063212568076270, -0.18321228, -0.10757446, 9.480881
1399063212572959083, -0.19987488, -0.043304443, 9.4023285
1399063212577841895, -0.23320007, -0.10519409, 9.457077
1399063212582724708, -0.22367859, -0.12185669, 9.445175
1399063212588584083, -0.2141571, -0.12661743, 9.488022
1399063212593466895, -0.22367859, -0.15756226, 9.435654
1399063212598349708, -0.22367859, -0.13851929, 9.488022
1399063212601279395, -0.22605896, -0.12423706, 9.564194
1399063212604209083, -0.22129822, -0.12661743, 9.435654
1399063212608115333, -0.18559265, -0.088531494, 9.499924
1399063212615927833, -0.2141571, -0.13137817, 9.526108
1399063212623740333, -0.21891785, -0.13375854, 9.428513
1399063212628623145, -0.24510193, -0.19088745, 9.416611
1399063212633505958, -0.2308197, -0.1789856, 9.442795
1399063212636435645, -0.1974945, -0.09567261, 9.440414
1399063212639365333, -0.2308197, -0.12423706, 9.471359
1399063212643271583, -0.20463562, -0.07424927, 9.507065
1399063212651084083, -0.1570282, -0.12661743, 9.428513
1399063212657920020, -0.22605896, -0.112335205, 9.423752
1399063212662802833, -0.23796082, -0.10519409, 9.461838
1399063212668662208, -0.22605896, -0.15042114, 9.430893
1399063212671591895, -0.21653748, -0.16708374, 9.423752
1399063212674521583, -0.20701599, -0.12661743, 9.530869
1399063212678427833, -0.23558044, -0.13851929, 9.516586
1399063212686240333, -0.21891785, -0.10757446, 9.526108
1399063212693076270, -0.1974945, -0.12661743, 9.530869
1399063212696982520, -0.2474823, -0.10757446, 9.433273
1399063212699912208, -0.21891785, -0.13851929, 9.352341
1399063212702841895, -0.21891785, -0.109954834, 9.483261
1399063212710654395, -0.2474823, -0.16470337, 9.428513
1399063212718466895, -0.28318787, -0.16946411, 9.490402
1399063212723349708, -0.24986267, -0.112335205, 9.561813
1399063212728232520, -0.23796082, -0.10281372, 9.492783
1399063212731162208, -0.21177673, -0.09567261, 9.518967
1399063212735068458, -0.20939636, -0.13613892, 9.495163
1399063212737998145, -0.24034119, -0.069488525, 9.428513
1399063212745810645, -0.16178894, -0.09805298, 9.354721
1399063212753623145, -0.17131042, -0.114715576, 9.457077
1399063212758505958, -0.2141571, -0.10519409, 9.41185
1399063212763388770, -0.17131042, -0.11947632, 9.421371
1399063212768271583, -0.16416931, -0.112335205, 9.502304
1399063212773154395, -0.19511414, -0.16470337, 9.499924
1399063212778037208, -0.24034119, -0.1456604, 9.480881
1399063212782920020, -0.20701599, -0.114715576, 9.488022
1399063212787802833, -0.20701599, -0.13375854, 9.490402
1399063212793662208, -0.20225525, -0.14804077, 9.461838
1399063212798545020, -0.22605896, -0.13375854, 9.483261
1399063212803427833, -0.22129822, -0.16946411, 9.461838
1399063212808310645, -0.22605896, -0.17660522, 9.433273
1399063212813193458, -0.24272156, -0.14089966, 9.452316
1399063212818076270, -0.25700378, -0.12423706, 9.504684
1399063212822959083, -0.2474823, -0.08377075, 9.480881
1399063212828818458, -0.22129822, -0.09567261, 9.4665985
1399063212833701270, -0.22605896, -0.069488525, 9.464218
1399063212838584083, -0.22605896, -0.14089966, 9.4856415
1399063212843466895, -0.22367859, -0.13375854, 9.435654
1399063212848349708, -0.22843933, -0.15994263, 9.464218
1399063212853232520, -0.22129822, -0.18850708, 9.435654
1399063212858110003, -0.19273376, -0.1289978, 9.504684
1399063212862992815, -0.22605896, -0.114715576, 9.516586
1399063212868852190, -0.19273376, -0.14804077, 9.511826
1399063212873735003, -0.18797302, -0.14804077, 9.559433
1399063212878617815, -0.19511414, -0.10281372, 9.454697
1399063212883500628, -0.19987488, -0.11947632, 9.445175
1399063212888383440, -0.20701599, -0.18136597, 9.357101
1399063212893266253, -0.20701599, -0.1789856, 9.4023285
1399063212898149065, -0.2141571, -0.109954834, 9.499924
1399063212903031878, -0.22843933, -0.15756226, 9.457077
1399063212908891253, -0.20225525, -0.112335205, 9.597519
1399063212913774065, -0.20939636, -0.13137817, 9.5499115
1399063212918656878, -0.19987488, -0.08615112, 9.523727
1399063212923539690, -0.23558044, -0.14804077, 9.40947
1399063212928422503, -0.22129822, -0.10757446, 9.4023285
1399063212933305315, -0.22843933, -0.14804077, 9.392807
1399063212938188128, -0.25700378, -0.162323, 9.459457
1399063212942094378, -0.24272156, -0.13375854, 9.442795
1399063212946000628, -0.2546234, -0.14089966, 9.428513
1399063212949906878, -0.23558044, -0.1456604, 9.464218
1399063212953813128, -0.22843933, -0.109954834, 9.483261
1399063212959672503, -0.2308197, -0.14804077, 9.497543
1399063212965531878, -0.2141571, -0.14089966, 9.447556
1399063212971391253, -0.17607117, -0.16708374, 9.471359
1399063212977250628, -0.1974945, -0.13613892, 9.490402
1399063212983110003, -0.2141571, -0.14089966, 9.509445
1399063212988969378, -0.20463562, -0.13613892, 9.502304
1399063212993852190, -0.23558044, -0.08615112, 9.464218
1399063212998735003, -0.20939636, -0.09805298, 9.511826
1399063213003617815, -0.19273376, -0.10757446, 9.464218
1399063213008500628, -0.20225525, -0.109954834, 9.4023285
1399063213013383440, -0.2308197, -0.13137817, 9.421371
1399063213018266253, -0.2308197, -0.13851929, 9.445175
1399063213024125628, -0.26176453, -0.15280151, 9.426132
1399063213029008440, -0.2308197, -0.18612671, 9.502304
1399063213033891253, -0.2141571, -0.19088745, 9.488022
1399063213037797503, -0.21653748, -0.13851929, 9.499924
1399063213041703753, -0.2308197, -0.1456604, 9.507065
1399063213044633440, -0.21891785, -0.08615112, 9.459457
1399063213048539690, -0.2474823, -0.114715576, 9.471359
1399063213055375628, -0.20701599, -0.11709595, 9.416611
1399063213062211565, -0.22367859, -0.13375854, 9.457077
1399063213069047503, -0.23796082, -0.109954834, 9.373764
1399063213073930315, -0.2141571, -0.10043335, 9.480881
1399063213078813128, -0.20939636, -0.14328003, 9.47612
1399063213083695940, -0.21653748, -0.1289978, 9.454697
1399063213088578753, -0.18083191, -0.12423706, 9.504684
1399063213092485003, -0.16178894, -0.11709595, 9.585617
1399063213095414690, -0.20939636, -0.12661743, 9.433273
1399063213098344378, -0.22843933, -0.13613892, 9.495163
1399063213106156878, -0.18083191, -0.15280151, 9.442795
1399063213113969378, -0.25224304, -0.16708374, 9.445175
1399063213118852190, -0.23320007, -0.11709595, 9.459457
1399063213123735003, -0.26176453, -0.09567261, 9.468979
1399063213128617815, -0.19987488, -0.13613892, 9.4785
1399063213133500628, -0.19511414, -0.05996704, 9.440414
1399063213138383440, -0.20225525, -0.13851929, 9.495163
1399063213143266253, -0.24986267, -0.12185669, 9.430893
1399063213149125628, -0.21177673, -0.162323, 9.357101
1399063213154008440, -0.21653748, -0.16470337, 9.447556
1399063213158891253, -0.22843933, -0.13137817, 9.490402
1399063213163774065, -0.21177673, -0.114715576, 9.521347
1399063213168656878, -0.2474823, -0.09805298, 9.554672
1399063213171586565, -0.24986267, -0.10281372, 9.530869
1399063213174516253, -0.20463562, -0.112335205, 9.492783
1399063213178422503, -0.23796082, -0.13137817, 9.480881
1399063213186235003, -0.20701599, -0.12423706, 9.378525
1399063213194047503, -0.21891785, -0.13851929, 9.41423
1399063213198930315, -0.20463562, -0.17184448, 9.423752
1399063213203813128, -0.2474823, -0.10281372, 9.521347
1399063213208695940, -0.23320007, -0.1289978, 9.509445
1399063213213578753, -0.17131042, -0.12185669, 9.547531
1399063213218461565, -0.18559265, -0.12661743, 9.480881
1399063213223344378, -0.18559265, -0.114715576, 9.497543
1399063213229203753, -0.20939636, -0.15042114, 9.471359
1399063213234086565, -0.1903534, -0.14089966, 9.457077
1399063213238969378, -0.20463562, -0.12423706, 9.366623
1399063213243852190, -0.22843933, -0.069488525, 9.438034
1399063213248735003, -0.21177673, -0.15280151, 9.457077
1399063213253617815, -0.23320007, -0.12661743, 9.440414
1399063213258500628, -0.20225525, -0.09805298, 9.521347
1399063213263383440, -0.22843933, -0.10519409, 9.530869
1399063213267289690, -0.23796082, -0.12661743, 9.459457
1399063213270219378, -0.27366638, -0.10519409, 9.428513
1399063213274125628, -0.21653748, -0.15042114, 9.445175
1399063213280961565, -0.20463562, -0.1456604, 9.497543
1399063213288774065, -0.2474823, -0.13851929, 9.442795
1399063213293656878, -0.21653748, -0.10281372, 9.461838
1399063213298539690, -0.21653748, -0.09567261, 9.440414
1399063213303422503, -0.2141571, -0.09805298, 9.509445
1399063213307328753, -0.1903534, -0.09567261, 9.442795
1399063213311235003, -0.16893005, -0.10281372, 9.521347
1399063213314164690, -0.17845154, -0.09805298, 9.407089
1399063213321000628, -0.18083191, -0.109954834, 9.442795
1399063213328813128, -0.19987488, -0.19326782, 9.388046
1399063213333695940, -0.22843933, -0.14804077, 9.438034
1399063213338578753, -0.17607117, -0.13851929, 9.468979
1399063213343461565, -0.20225525, -0.10519409, 9.518967
1399063213349320940, -0.22367859, -0.10043335, 9.547531
1399063213354203753, -0.24510193, -0.14089966, 9.518967
1399063213359086565, -0.24272156, -0.10757446, 9.53801
1399063213363969378, -0.25700378, -0.16708374, 9.454697
1399063213368852190, -0.23796082, -0.15518188, 9.428513
1399063213373735003, -0.18797302, -0.1456604, 9.433273
1399063213378617815, -0.22129822, -0.14804077, 9.41185
1399063213383500628, -0.2474823, -0.09329224, 9.47374
1399063213389360003, -0.24272156, -0.10281372, 9.452316
1399063213394242815, -0.24272156, -0.09567261, 9.561813
1399063213399125628, -0.24510193, -0.12185669, 9.526108
1399063213402055315, -0.25938416, -0.1289978, 9.471359
1399063213404985003, -0.22843933, -0.16470337, 9.440414
1399063213408891253, -0.20463562, -0.1289978, 9.426132
1399063213416703753, -0.19511414, -0.15756226, 9.47374
1399063213423539690, -0.20225525, -0.18136597, 9.452316
1399063213428422503, -0.2141571, -0.10281372, 9.502304
1399063213434281878, -0.22843933, -0.10043335, 9.530869
1399063213439164690, -0.18797302, -0.12423706, 9.47374
1399063213444047503, -0.20939636, -0.090911865, 9.504684
1399063213448930315, -0.2141571, -0.1456604, 9.445175
1399063213453813128, -0.20225525, -0.13375854, 9.373764
1399063213458695940, -0.23320007, -0.14804077, 9.471359
1399063213463578753, -0.24034119, -0.16946411, 9.4665985
1399063213469438128, -0.20939636, -0.12661743, 9.449936
1399063213474320940, -0.24510193, -0.12661743, 9.530869
1399063213479203753, -0.24034119, -0.10757446, 9.426132
1399063213484086565, -0.24986267, -0.13375854, 9.435654
1399063213488969378, -0.26176453, -0.14089966, 9.457077
1399063213493852190, -0.24986267, -0.114715576, 9.4023285
1399063213498735003, -0.21891785, -0.14328003, 9.438034
1399063213503617815, -0.2474823, -0.15518188, 9.480881
1399063213508500628, -0.25700378, -0.14328003, 9.480881
1399063213514360003, -0.22843933, -0.15756226, 9.480881
1399063213519242815, -0.1974945, -0.12185669, 9.523727
1399063213524125628, -0.20463562, -0.13851929, 9.454697
1399063213529008440, -0.19987488, -0.1456604, 9.514206
1399063213533891253, -0.1903534, -0.13137817, 9.511826
1399063213538774065, -0.21653748, -0.10519409, 9.423752
1399063213543656878, -0.24272156, -0.12661743, 9.449936
1399063213549516253, -0.2474823, -0.112335205, 9.423752
1399063213554399065, -0.2474823, -0.13375854, 9.395187
1399063213559281878, -0.20701599, -0.07662964, 9.40947
1399063213564164690, -0.23796082, -0.11947632, 9.468979
1399063213569047503, -0.18321228, -0.15042114, 9.459457
1399063213573930315, -0.22129822, -0.12423706, 9.499924
1399063213578813128, -0.26652527, -0.14089966, 9.457077
1399063213582719378, -0.23558044, -0.15280151, 9.545151
1399063213585649065, -0.20463562, -0.14804077, 9.433273
1399063213588578753, -0.22129822, -0.16946411, 9.4665985
1399063213596391253, -0.2308197, -0.18374634, 9.423752
1399063213604203753, -0.22605896, -0.14328003, 9.514206
1399063213609086565, -0.20939636, -0.10281372, 9.452316
1399063213613969378, -0.22129822, -0.112335205, 9.509445
1399063213618852190, -0.24272156, -0.088531494, 9.442795
1399063213623735003, -0.24272156, -0.12661743, 9.430893
1399063213629594378, -0.22605896, -0.114715576, 9.418991
1399063213634477190, -0.25700378, -0.15280151, 9.480881
1399063213639360003, -0.1736908, -0.11709595, 9.41185
1399063213644242815, -0.20701599, -0.09805298, 9.454697
1399063213649125628, -0.22605896, -0.15042114, 9.54277
1399063213654008440, -0.2546234, -0.114715576, 9.471359
1399063213658891253, -0.21891785, -0.112335205, 9.516586
1399063213663774065, -0.20701599, -0.10519409, 9.468979
1399063213668656878, -0.17131042, -0.11947632, 9.454697
1399063213674516253, -0.2141571, -0.14089966, 9.428513
1399063213679399065, -0.22129822, -0.16946411, 9.471359
1399063213684281878, -0.19987488, -0.13613892, 9.464218
1399063213689164690, -0.20939636, -0.1289978, 9.471359
1399063213694047503, -0.2141571, -0.10757446, 9.490402
1399063213698930315, -0.22367859, -0.12185669, 9.468979
1399063213703813128, -0.22367859, -0.10281372, 9.468979
1399063213708695940, -0.2474823, -0.1456604, 9.430893
1399063213714555315, -0.25938416, -0.15994263, 9.433273
1399063213719438128, -0.23796082, -0.14089966, 9.438034
1399063213724320940, -0.21653748, -0.14328003, 9.4785
1399063213729203753, -0.22129822, -0.112335205, 9.445175
1399063213734086565, -0.21177673, -0.11709595, 9.3832855
1399063213738969378, -0.26652527, -0.09805298, 9.4785
1399063213743852190, -0.23320007, -0.09567261, 9.442795
1399063213748735003, -0.2474823, -0.09805298, 9.457077
1399063213754594378, -0.19987488, -0.13613892, 9.430893
1399063213759477190, -0.23320007, -0.14804077, 9.438034
1399063213764360003, -0.19511414, -0.114715576, 9.423752
1399063213769242815, -0.22367859, -0.12423706, 9.47374
1399063213774125628, -0.18559265, -0.10757446, 9.4785
1399063213779008440, -0.20463562, -0.10519409, 9.488022
1399063213783891253, -0.21891785, -0.15518188, 9.516586
1399063213789750628, -0.19987488, -0.12423706, 9.47612
1399063213794633440, -0.23796082, -0.12423706, 9.511826
1399063213797563128, -0.23796082, -0.11709595, 9.452316
1399063213801469378, -0.25938416, -0.13137817, 9.445175
1399063213804399065, -0.21891785, -0.11709595, 9.404709
1399063213812211565, -0.27366638, -0.109954834, 9.457077
1399063213819047503, -0.2308197, -0.10281372, 9.502304
1399063213822953753, -0.2141571, -0.10281372, 9.4665985
1399063213825883440, -0.24510193, -0.12423706, 9.4785
1399063213828813128, -0.2308197, -0.15756226, 9.488022
1399063213836625628, -0.24510193, -0.14089966, 9.514206
1399063213844438128, -0.25224304, -0.13851929, 9.4785
1399063213849320940, -0.2308197, -0.11709595, 9.483261
1399063213854203753, -0.2546234, -0.10043335, 9.461838
1399063213858110003, -0.19511414, -0.090911865, 9.464218
1399063213861039690, -0.2141571, -0.12423706, 9.452316
1399063213863969378, -0.22129822, -0.09805298, 9.483261
1399063213871781878, -0.19511414, -0.090911865, 9.480881
1399063213879594378, -0.16416931, -0.11947632, 9.4785
1399063213884477190, -0.19511414, -0.11709595, 9.514206
1399063213889360003, -0.19987488, -0.17422485, 9.433273
1399063213894242815, -0.22605896, -0.1289978, 9.471359
1399063213899125628, -0.22605896, -0.18136597, 9.461838
1399063213904008440, -0.24272156, -0.13613892, 9.380905
1399063213908891253, -0.24272156, -0.14804077, 9.514206
1399063213914750628, -0.22129822, -0.11947632, 9.53801
1399063213919633440, -0.2641449, -0.109954834, 9.454697
1399063213924516253, -0.21653748, -0.114715576, 9.471359
1399063213929399065, -0.24272156, -0.10043335, 9.452316
1399063213932328753, -0.24510193, -0.13613892, 9.404709
1399063213936235003, -0.20463562, -0.162323, 9.483261
1399063213939164690, -0.21891785, -0.13613892, 9.442795
1399063213946977190, -0.20463562, -0.11709595, 9.449936
1399063213954789690, -0.21177673, -0.10519409, 9.509445
1399063213957719378, -0.1974945, -0.12423706, 9.509445
1399063213961625628, -0.22367859, -0.114715576, 9.499924
1399063213964555315, -0.23320007, -0.13851929, 9.452316
1399063213972367815, -0.22367859, -0.15280151, 9.447556
1399063213979203753, -0.22605896, -0.109954834, 9.392807
1399063213984086565, -0.20701599, -0.12423706, 9.457077
1399063213988969378, -0.21653748, -0.09567261, 9.514206
1399063213994828753, -0.16654968, -0.09805298, 9.435654
1399063213999711565, -0.22367859, -0.13137817, 9.459457
1399063214004594378, -0.22843933, -0.14089966, 9.4665985
1399063214009477190, -0.19273376, -0.14328003, 9.518967
1399063214014360003, -0.22367859, -0.16946411, 9.47374
1399063214019242815, -0.24986267, -0.13137817, 9.457077
1399063214024125628, -0.2308197, -0.13375854, 9.490402
1399063214029008440, -0.20225525, -0.1456604, 9.47612
1399063214034867815, -0.21177673, -0.10519409, 9.435654
1399063214039750628, -0.24034119, -0.109954834, 9.507065
1399063214044633440, -0.24986267, -0.07901001, 9.495163
1399063214049516253, -0.2308197, -0.11947632, 9.430893
1399063214054399065, -0.22129822, -0.12661743, 9.457077
1399063214059281878, -0.23796082, -0.15042114, 9.395187
1399063214064164690, -0.20463562, -0.15280151, 9.440414
1399063214069047503, -0.1903534, -0.1456604, 9.497543
1399063214074906878, -0.27366638, -0.12661743, 9.47612
1399063214079789690, -0.16416931, -0.10281372, 9.480881
1399063214084672503, -0.19511414, -0.08615112, 9.426132
1399063214089555315, -0.19511414, -0.14804077, 9.497543
1399063214092485003, -0.2141571, -0.12661743, 9.54039
1399063214096391253, -0.22129822, -0.15994263, 9.492783
1399063214099320940, -0.20225525, -0.11709595, 9.40947
1399063214107133440, -0.19987488, -0.11709595, 9.495163
1399063214114945940, -0.17845154, -0.09329224, 9.488022
1399063214119828753, -0.16416931, -0.13137817, 9.395187
1399063214124711565, -0.20939636, -0.12423706, 9.516586
1399063214129594378, -0.23558044, -0.13851929, 9.464218
1399063214134477190, -0.21891785, -0.17422485, 9.464218
1399063214139360003, -0.22129822, -0.15042114, 9.495163
1399063214144242815, -0.22605896, -0.1456604, 9.516586
1399063214149125628, -0.2641449, -0.15280151, 9.471359
1399063214154985003, -0.2141571, -0.12185669, 9.188095
1399063214159867815, -0.2546234, -0.09329224, 9.128586
1399063214164750628, -0.22367859, -0.12661743, 9.526108
1399063214169633440, -0.16654968, -0.112335205, 10.025986
1399063214174516253, -0.1403656, -0.114715576, 10.042648
1399063214179399065, -0.24034119, -0.12185669, 9.499924
1399063214184281878, -0.2308197, -0.109954834, 9.050034
1399063214188188128, -0.27842712, -0.11709595, 8.916733
1399063214192094378, -0.20701599, -0.13851929, 9.357101
1399063214195024065, -0.1974945, -0.15756226, 9.747482
1399063214201860003, -0.16654968, -0.18612671, 9.811752
1399063214209672503, -0.1736908, -0.11709595, 9.618942
