1399058253538786693, -0.38554382, -0.08615112, 8.135971
1399058253544157787, -0.20701599, -0.13613892, 10.006943
1399058253549040599, -0.104660034, -0.15280151, 10.775803
1399058253553923412, -0.12608337, -0.162323, 10.7043915
1399058253559294506, -0.18797302, -0.1789856, 10.128342
1399058253564177318, -0.32365417, -0.09567261, 9.123825
1399058253569060131, -0.3617401, -0.08139038, 8.376389
1399058253573942943, -0.34983826, -0.12185669, 8.526352
1399058253579314037, -0.25938416, -0.13137817, 9.335678
1399058253584196849, -0.20463562, -0.10519409, 9.868881
1399058253589079662, -0.1974945, -0.14089966, 10.078354
1399058253594450756, -0.21177673, -0.12423706, 9.745102
1399058253599333568, -0.21891785, -0.13375854, 9.378525
1399058253604216381, -0.26652527, -0.12423706, 9.059555
1399058253607634349, -0.25700378, -0.10757446, 9.097641
1399058253611052318, -0.27604675, -0.114715576, 9.376144
1399058253614470287, -0.23558044, -0.13137817, 9.685593
1399058253621794506, -0.21653748, -0.13851929, 9.66893
1399058253629118724, -0.24510193, -0.14089966, 9.561813
1399058253634489818, -0.25224304, -0.10757446, 9.385666
1399058253639372631, -0.25224304, -0.09329224, 9.314255
1399058253642790599, -0.24510193, -0.1456604, 9.261887
1399058253646208568, -0.29508972, -0.09329224, 9.4023285
1399058253649626537, -0.2474823, -0.10043335, 9.507065
1399058253656950756, -0.21653748, -0.114715576, 9.530869
1399058253664274974, -0.25938416, -0.09805298, 9.4665985
1399058253669646068, -0.2474823, -0.09567261, 9.395187
1399058253674528881, -0.25700378, -0.15994263, 9.354721
1399058253679411693, -0.26652527, -0.13137817, 9.376144
1399058253684782787, -0.25700378, -0.15280151, 9.461838
1399058253689665599, -0.2141571, -0.11947632, 9.440414
1399058253694548412, -0.26652527, -0.088531494, 9.4856415
1399058253704802318, -0.2808075, -0.12661743, 9.41423
1399058253709685131, -0.26652527, -0.114715576, 9.407089
1399058253714567943, -0.29270935, -0.13613892, 9.447556
1399058253719450756, -0.24034119, -0.109954834, 9.457077
1399058253724333568, -0.2641449, -0.14328003, 9.41423
1399058253729704662, -0.29032898, -0.09805298, 9.457077
1399058253734587474, -0.29032898, -0.14328003, 9.4665985
1399058253739470287, -0.27604675, -0.088531494, 9.426132
1399058253744841381, -0.24272156, -0.12661743, 9.399948
1399058253749724193, -0.2641449, -0.13613892, 9.459457
1399058253754607006, -0.25224304, -0.114715576, 9.428513
1399058253759489818, -0.26652527, -0.088531494, 9.516586
1399058253764860912, -0.21891785, -0.16708374, 9.461838
1399058253769743724, -0.2641449, -0.11947632, 9.416611
1399058253779997631, -0.27366638, -0.15994263, 9.47374
1399058253784880443, -0.2474823, -0.12661743, 9.449936
1399058253789763256, -0.26176453, -0.12185669, 9.4785
1399058253794646068, -0.21891785, -0.12661743, 9.380905
1399058253800017162, -0.29985046, -0.088531494, 9.435654
1399058253804899974, -0.26890564, -0.12661743, 9.40947
1399058253815153881, -0.27604675, -0.10281372, 9.447556
1399058253820036693, -0.2546234, -0.11947632, 9.421371
1399058253824919506, -0.2474823, -0.15994263, 9.461838
1399058253829802318, -0.26890564, -0.10757446, 9.445175
1399058253835173412, -0.25938416, -0.090911865, 9.435654
1399058253840056224, -0.23558044, -0.10281372, 9.421371
1399058253844939037, -0.24986267, -0.1289978, 9.509445
1399058253849821849, -0.26176453, -0.15042114, 9.397568
1399058253855192943, -0.27604675, -0.1289978, 9.428513
1399058253860075756, -0.271286, -0.09805298, 9.447556
1399058253869841381, -0.22843933, -0.13137817, 9.421371
1399058253875212474, -0.24986267, -0.090911865, 9.468979
1399058253880095287, -0.2308197, -0.12185669, 9.457077
1399058253884978099, -0.24272156, -0.14089966, 9.480881
1399058253890349193, -0.2641449, -0.10757446, 9.418991
1399058253895232006, -0.27842712, -0.1289978, 9.442795
1399058253904997631, -0.22843933, -0.13375854, 9.459457
1399058253910368724, -0.26652527, -0.07901001, 9.468979
1399058253915251537, -0.23796082, -0.10757446, 9.41423
1399058253920134349, -0.26176453, -0.12661743, 9.41423
1399058253925505443, -0.24510193, -0.12661743, 9.47612
1399058253930388256, -0.26890564, -0.13137817, 9.399948
1399058253935271068, -0.3046112, -0.13613892, 9.454697
1399058253940153881, -0.24272156, -0.10757446, 9.4785
1399058253945524974, -0.26176453, -0.11947632, 9.442795
1399058253950407787, -0.26652527, -0.12185669, 9.490402
1399058253955290599, -0.25938416, -0.109954834, 9.433273
1399058253960173412, -0.27604675, -0.12661743, 9.438034
1399058253965544506, -0.26652527, -0.10519409, 9.4785
1399058253970427318, -0.24034119, -0.10757446, 9.373764
1399058253975310131, -0.23320007, -0.14804077, 9.452316
1399058253980192943, -0.18797302, -0.1289978, 9.468979
1399058253985564037, -0.29508972, -0.1456604, 9.438034
1399058253990446849, -0.26176453, -0.12185669, 9.354721
1399058253995329662, -0.2308197, -0.12185669, 9.447556
1399058254000700756, -0.24986267, -0.112335205, 9.407089
1399058254005583568, -0.26652527, -0.11709595, 9.442795
1399058254010466381, -0.22605896, -0.13851929, 9.440414
1399058254015349193, -0.24272156, -0.10757446, 9.426132
1399058254020720287, -0.271286, -0.114715576, 9.426132
1399058254025603099, -0.25224304, -0.15994263, 9.499924
1399058254030485912, -0.24986267, -0.11709595, 9.452316
1399058254035857006, -0.2546234, -0.14089966, 9.428513
1399058254040739818, -0.2879486, -0.16470337, 9.41185
1399058254050505443, -0.24986267, -0.12423706, 9.449936
1399058254055876537, -0.26652527, -0.10281372, 9.430893
1399058254060759349, -0.25224304, -0.10519409, 9.47612
1399058254065642162, -0.27366638, -0.11709595, 9.392807
1399058254070524974, -0.27842712, -0.11947632, 9.421371
1399058254075896068, -0.28556824, -0.13137817, 9.352341
1399058254080778881, -0.20463562, -0.1289978, 9.438034
1399058254085661693, -0.24272156, -0.12423706, 9.454697
1399058254090544506, -0.26890564, -0.12661743, 9.4785
1399058254095915599, -0.2308197, -0.13613892, 9.464218
1399058254100798412, -0.20701599, -0.1289978, 9.416611
1399058254105681224, -0.26176453, -0.14804077, 9.433273
1399058254111052318, -0.26176453, -0.1289978, 9.421371
1399058254115935131, -0.22367859, -0.14328003, 9.407089
1399058254120817943, -0.28318787, -0.09805298, 9.40947
1399058254125700756, -0.24272156, -0.13613892, 9.452316
1399058254131071849, -0.26652527, -0.14328003, 9.435654
1399058254135954662, -0.25938416, -0.12185669, 9.390427
1399058254140837474, -0.25700378, -0.08377075, 9.447556
1399058254146208568, -0.23320007, -0.088531494, 9.440414
1399058254151091381, -0.25700378, -0.13851929, 9.395187
1399058254155974193, -0.24510193, -0.15756226, 9.4665985
1399058254160857006, -0.27842712, -0.1289978, 9.452316
1399058254166228099, -0.2141571, -0.15518188, 9.471359
1399058254171110912, -0.2474823, -0.08615112, 9.461838
1399058254180876537, -0.21653748, -0.10519409, 9.492783
1399058254186247631, -0.24986267, -0.15994263, 9.440414
1399058254191130443, -0.21653748, -0.14804077, 9.497543
1399058254196013256, -0.22367859, -0.12661743, 9.507065
1399058254201384349, -0.25700378, -0.1289978, 9.454697
1399058254206267162, -0.25700378, -0.09805298, 9.421371
1399058254216032787, -0.271286, -0.109954834, 9.41423
1399058254221403881, -0.2879486, -0.10757446, 9.468979
1399058254226286693, -0.26176453, -0.112335205, 9.380905
1399058254231169506, -0.24986267, -0.11947632, 9.454697
1399058254236052318, -0.25700378, -0.10281372, 9.380905
1399058254241423412, -0.2974701, -0.12423706, 9.438034
1399058254246306224, -0.27366638, -0.13137817, 9.509445
1399058254251189037, -0.24986267, -0.12661743, 9.416611
1399058254256560131, -0.26176453, -0.14328003, 9.464218
1399058254261442943, -0.24986267, -0.15042114, 9.528488
1399058254271208568, -0.26890564, -0.13137817, 9.421371
1399058254276579662, -0.26890564, -0.10281372, 9.421371
1399058254281462474, -0.24272156, -0.07662964, 9.418991
1399058254286345287, -0.23320007, -0.1456604, 9.468979
1399058254291716381, -0.26652527, -0.12185669, 9.435654
1399058254296599193, -0.2474823, -0.14089966, 9.442795
1399058254306364818, -0.24272156, -0.07424927, 9.445175
1399058254311735912, -0.22367859, -0.09805298, 9.490402
1399058254316618724, -0.23558044, -0.10043335, 9.380905
1399058254321501537, -0.2641449, -0.14089966, 9.395187
1399058254326384349, -0.25938416, -0.11709595, 9.395187
1399058254331755443, -0.271286, -0.11709595, 9.518967
1399058254336638256, -0.23796082, -0.1456604, 9.459457
1399058254341521068, -0.2808075, -0.15280151, 9.395187
1399058254346403881, -0.30223083, -0.13375854, 9.490402
1399058254351774974, -0.2308197, -0.11709595, 9.504684
1399058254356657787, -0.271286, -0.12423706, 9.445175
1399058254361540599, -0.27842712, -0.1289978, 9.440414
1399058254366911693, -0.28556824, -0.10757446, 9.397568
1399058254371794506, -0.2546234, -0.10281372, 9.459457
1399058254381560131, -0.25938416, -0.114715576, 9.452316
1399058254386931224, -0.2974701, -0.10519409, 9.40947
1399058254391814037, -0.21653748, -0.09329224, 9.492783
1399058254396696849, -0.19987488, -0.13137817, 9.499924
1399058254402067943, -0.2141571, -0.09329224, 9.452316
1399058254406950756, -0.20225525, -0.12661743, 9.47612
1399058254416716381, -0.22843933, -0.109954834, 9.514206
1399058254422087474, -0.2641449, -0.09805298, 9.428513
1399058254426970287, -0.25224304, -0.14328003, 9.4665985
1399058254431853099, -0.24510193, -0.12423706, 9.4785
1399058254436735912, -0.25938416, -0.10519409, 9.514206
1399058254442107006, -0.25224304, -0.12185669, 9.461838
1399058254446989818, -0.29032898, -0.13851929, 9.452316
1399058254451872631, -0.2808075, -0.15042114, 9.433273
1399058254456755443, -0.29270935, -0.14089966, 9.447556
1399058254459685131, -0.28318787, -0.13851929, 9.442795
1399058254462126537, -0.24986267, -0.12423706, 9.504684
1399058254471892162, -0.30223083, -0.15280151, 9.438034
1399058254477263256, -0.24272156, -0.14089966, 9.404709
1399058254482146068, -0.271286, -0.112335205, 9.461838
1399058254487028881, -0.26652527, -0.14089966, 9.404709
1399058254491911693, -0.2546234, -0.14328003, 9.385666
1399058254494841381, -0.2546234, -0.11947632, 9.392807
1399058254497282787, -0.23558044, -0.13137817, 9.47612
1399058254507048412, -0.2308197, -0.12423706, 9.488022
1399058254512419506, -0.25224304, -0.13851929, 9.440414
1399058254517302318, -0.24510193, -0.12661743, 9.502304
1399058254522185131, -0.2474823, -0.13137817, 9.492783
1399058254527067943, -0.2641449, -0.112335205, 9.433273
1399058254532439037, -0.2879486, -0.13375854, 9.454697
1399058254537321849, -0.2308197, -0.13375854, 9.423752
1399058254542204662, -0.24986267, -0.10757446, 9.47612
1399058254547087474, -0.25700378, -0.10519409, 9.483261
1399058254552458568, -0.28556824, -0.114715576, 9.433273
1399058254557341381, -0.27842712, -0.1289978, 9.452316
1399058254562224193, -0.3046112, -0.12423706, 9.571335
1399058254567595287, -0.24034119, -0.069488525, 9.41185
1399058254572478099, -0.26176453, -0.13375854, 9.376144
1399058254582243724, -0.2474823, -0.12423706, 9.447556
1399058254587614818, -0.22843933, -0.15756226, 9.4665985
1399058254592497631, -0.24272156, -0.1289978, 9.47374
1399058254597380443, -0.27604675, -0.14328003, 9.416611
1399058254602263256, -0.22843933, -0.13375854, 9.4023285
1399058254605192943, -0.23796082, -0.13137817, 9.457077
1399058254607634349, -0.2641449, -0.12423706, 9.4856415
1399058254617399974, -0.22129822, -0.13851929, 9.404709
1399058254622771068, -0.2308197, -0.12185669, 9.418991
1399058254627653881, -0.27604675, -0.11947632, 9.404709
1399058254632536693, -0.23796082, -0.08377075, 9.4023285
1399058254637419506, -0.28556824, -0.08377075, 9.471359
1399058254642790599, -0.30699158, -0.16946411, 9.364243
1399058254647673412, -0.30699158, -0.08139038, 9.378525
1399058254652556224, -0.22129822, -0.11709595, 9.452316
1399058254657439037, -0.271286, -0.112335205, 9.490402
1399058254662810131, -0.27366638, -0.11947632, 9.421371
1399058254667692943, -0.2474823, -0.10043335, 9.459457
1399058254672575756, -0.24510193, -0.14328003, 9.4665985
1399058254677458568, -0.26176453, -0.1289978, 9.397568
1399058254682829662, -0.2546234, -0.15756226, 9.47374
1399058254687712474, -0.23796082, -0.15518188, 9.490402
1399058254692595287, -0.23796082, -0.14089966, 9.41423
1399058254697966381, -0.25224304, -0.10757446, 9.457077
1399058254702849193, -0.24034119, -0.09567261, 9.471359
1399058254707732006, -0.26176453, -0.14804077, 9.4665985
1399058254712614818, -0.2641449, -0.10043335, 9.40947
1399058254717985912, -0.28318787, -0.112335205, 9.480881
1399058254722868724, -0.22843933, -0.112335205, 9.416611
1399058254727751537, -0.25224304, -0.11947632, 9.471359
1399058254733122631, -0.26890564, -0.13851929, 9.433273
1399058254738005443, -0.25700378, -0.112335205, 9.457077
1399058254742888256, -0.25938416, -0.109954834, 9.418991
1399058254750700756, -0.2974701, -0.10519409, 9.395187
1399058254758024974, -0.22367859, -0.1456604, 9.457077
1399058254762907787, -0.24034119, -0.109954834, 9.41423
1399058254767790599, -0.2974701, -0.13375854, 9.433273
1399058254771208568, -0.271286, -0.13375854, 9.511826
1399058254774626537, -0.2546234, -0.07424927, 9.41185
1399058254778044506, -0.20701599, -0.109954834, 9.418991
1399058254785368724, -0.2308197, -0.090911865, 9.464218
1399058254793181224, -0.20939636, -0.10757446, 9.388046
1399058254798064037, -0.23558044, -0.112335205, 9.3832855
1399058254802946849, -0.25224304, -0.12423706, 9.492783
1399058254808317943, -0.26652527, -0.114715576, 9.430893
1399058254813200756, -0.25700378, -0.112335205, 9.423752
1399058254818083568, -0.23320007, -0.112335205, 9.399948
1399058254822966381, -0.24272156, -0.10281372, 9.507065
1399058254828337474, -0.2879486, -0.112335205, 9.435654
1399058254831755443, -0.2474823, -0.16470337, 9.428513
1399058254834685131, -0.26890564, -0.16708374, 9.438034
1399058254838103099, -0.25700378, -0.13137817, 9.502304
1399058254845915599, -0.2474823, -0.109954834, 9.435654
1399058254853239818, -0.27366638, -0.15280151, 9.421371
1399058254858122631, -0.22605896, -0.112335205, 9.4665985
1399058254863493724, -0.271286, -0.12661743, 9.440414
1399058254868376537, -0.28556824, -0.10757446, 9.511826
1399058254873259349, -0.25700378, -0.112335205, 9.426132
1399058254878630443, -0.2474823, -0.08377075, 9.435654
1399058254883513256, -0.24034119, -0.11947632, 9.452316
1399058254888396068, -0.26890564, -0.10281372, 9.454697
1399058254893278881, -0.24272156, -0.08139038, 9.483261
1399058254898649974, -0.22605896, -0.114715576, 9.385666
1399058254903532787, -0.24034119, -0.12661743, 9.459457
1399058254908415599, -0.24510193, -0.15756226, 9.354721
1399058254913298412, -0.24034119, -0.114715576, 9.449936
1399058254918669506, -0.29032898, -0.13613892, 9.397568
1399058254923552318, -0.25700378, -0.109954834, 9.461838
1399058254928435131, -0.22129822, -0.114715576, 9.388046
1399058254933806224, -0.25700378, -0.162323, 9.416611
1399058254938689037, -0.27604675, -0.15042114, 9.464218
1399058254943571849, -0.27604675, -0.114715576, 9.452316
1399058254948454662, -0.271286, -0.10757446, 9.449936
1399058254953825756, -0.29032898, -0.112335205, 9.428513
1399058254958708568, -0.2474823, -0.13851929, 9.430893
1399058254963591381, -0.24986267, -0.10519409, 9.445175
1399058254968474193, -0.25224304, -0.07662964, 9.440414
1399058254971892162, -0.25938416, -0.11947632, 9.445175
1399058254975310131, -0.2641449, -0.17184448, 9.416611
1399058254978728099, -0.22605896, -0.13137817, 9.454697
1399058254986052318, -0.19987488, -0.13375854, 9.416611
1399058254993864818, -0.24510193, -0.114715576, 9.438034
1399058254998747631, -0.2546234, -0.09567261, 9.449936
1399058255003630443, -0.2546234, -0.10757446, 9.428513
1399058255009001537, -0.25700378, -0.1456604, 9.423752
1399058255013884349, -0.2308197, -0.16470337, 9.452316
1399058255018767162, -0.25224304, -0.13851929, 9.499924
1399058255023649974, -0.25700378, -0.1289978, 9.4785
1399058255029021068, -0.26176453, -0.11709595, 9.385666
1399058255033903881, -0.27604675, -0.12661743, 9.399948
1399058255038786693, -0.24510193, -0.13137817, 9.497543
1399058255043669506, -0.2546234, -0.09329224, 9.438034
1399058255048552318, -0.26652527, -0.10519409, 9.438034
1399058255053923412, -0.24272156, -0.114715576, 9.454697
1399058255058806224, -0.27604675, -0.15280151, 9.416611
1399058255064177318, -0.27366638, -0.11709595, 9.47374
1399058255069060131, -0.21891785, -0.10281372, 9.418991
1399058255073942943, -0.2641449, -0.10519409, 9.407089
1399058255078825756, -0.22605896, -0.13375854, 9.468979
1399058255084196849, -0.2808075, -0.13613892, 9.47612
1399058255089079662, -0.25700378, -0.114715576, 9.395187
1399058255093962474, -0.2546234, -0.112335205, 9.4665985
1399058255099333568, -0.23558044, -0.12423706, 9.397568
1399058255104216381, -0.25224304, -0.10757446, 9.395187
1399058255109099193, -0.21653748, -0.08615112, 9.407089
1399058255113982006, -0.23320007, -0.1289978, 9.445175
1399058255118864818, -0.271286, -0.109954834, 9.471359
1399058255124235912, -0.27366638, -0.10757446, 9.41423
1399058255129118724, -0.3046112, -0.14804077, 9.426132
1399058255134489818, -0.27366638, -0.12185669, 9.416611
1399058255139372631, -0.29032898, -0.13137817, 9.435654
1399058255144255443, -0.28318787, -0.12185669, 9.395187
1399058255149138256, -0.27842712, -0.12185669, 9.452316
1399058255154021068, -0.24272156, -0.15756226, 9.435654
1399058255159392162, -0.2641449, -0.14328003, 9.435654
1399058255164274974, -0.2474823, -0.15994263, 9.407089
1399058255169157787, -0.22843933, -0.10281372, 9.47612
1399058255174528881, -0.271286, -0.12661743, 9.488022
1399058255179411693, -0.28318787, -0.13137817, 9.435654
1399058255184294506, -0.26890564, -0.112335205, 9.449936
1399058255189177318, -0.24510193, -0.1456604, 9.461838
1399058255194548412, -0.26176453, -0.08139038, 9.438034
1399058255199431224, -0.23558044, -0.12661743, 9.373764
1399058255204314037, -0.28318787, -0.08377075, 9.457077
1399058255209685131, -0.24986267, -0.07424927, 9.442795
1399058255214567943, -0.24986267, -0.12423706, 9.504684
1399058255217985912, -0.24510193, -0.10043335, 9.440414
1399058255221403881, -0.22843933, -0.1456604, 9.442795
1399058255224333568, -0.2641449, -0.12185669, 9.397568
1399058255232146068, -0.27842712, -0.1456604, 9.483261
1399058255239470287, -0.24510193, -0.10519409, 9.490402
1399058255244841381, -0.29508972, -0.08139038, 9.452316
1399058255249724193, -0.27366638, -0.13375854, 9.533249
1399058255254607006, -0.27366638, -0.16470337, 9.438034
1399058255259489818, -0.271286, -0.12661743, 9.471359
1399058255264860912, -0.26176453, -0.13851929, 9.464218
1399058255269743724, -0.2641449, -0.10757446, 9.523727
1399058255274626537, -0.24986267, -0.14089966, 9.4665985
1399058255279509349, -0.25700378, -0.13375854, 9.445175
1399058255284880443, -0.2308197, -0.15042114, 9.497543
1399058255289763256, -0.24510193, -0.1456604, 9.4856415
1399058255294646068, -0.23796082, -0.088531494, 9.447556
1399058255299528881, -0.24986267, -0.1456604, 9.392807
1399058255304899974, -0.22129822, -0.1289978, 9.442795
1399058255309782787, -0.25224304, -0.1289978, 9.430893
1399058255313200756, -0.25938416, -0.10281372, 9.449936
1399058255316618724, -0.22367859, -0.13851929, 9.440414
1399058255320036693, -0.2641449, -0.14804077, 9.407089
1399058255327360912, -0.26890564, -0.14089966, 9.471359
1399058255334685131, -0.22129822, -0.13137817, 9.511826
1399058255340056224, -0.31889343, -0.1289978, 9.516586
1399058255344939037, -0.30699158, -0.12423706, 9.483261
1399058255349821849, -0.22843933, -0.12423706, 9.416611
1399058255355192943, -0.26890564, -0.114715576, 9.461838
1399058255360075756, -0.27604675, -0.12423706, 9.421371
1399058255364958568, -0.23796082, -0.12185669, 9.445175
1399058255369841381, -0.2474823, -0.08377075, 9.404709
1399058255375212474, -0.27604675, -0.112335205, 9.423752
1399058255380095287, -0.24272156, -0.15280151, 9.490402
1399058255384978099, -0.22843933, -0.09329224, 9.40947
1399058255389860912, -0.23558044, -0.10043335, 9.433273
1399058255395232006, -0.2546234, -0.13851929, 9.41423
1399058255400114818, -0.22605896, -0.09805298, 9.421371
1399058255404997631, -0.24034119, -0.13851929, 9.47612
1399058255409880443, -0.2546234, -0.10519409, 9.4665985
1399058255415251537, -0.24986267, -0.13137817, 9.41423
1399058255420134349, -0.26652527, -0.13375854, 9.483261
1399058255425017162, -0.26652527, -0.1456604, 9.461838
1399058255430388256, -0.21177673, -0.11709595, 9.457077
1399058255435271068, -0.22605896, -0.11947632, 9.442795
1399058255440153881, -0.2308197, -0.1289978, 9.445175
1399058255445036693, -0.26176453, -0.12423706, 9.435654
1399058255450407787, -0.2546234, -0.109954834, 9.438034
1399058255455290599, -0.271286, -0.13137817, 9.454697
1399058255460173412, -0.27366638, -0.11709595, 9.490402
1399058255465056224, -0.22605896, -0.11947632, 9.454697
1399058255470427318, -0.22129822, -0.13851929, 9.426132
1399058255475310131, -0.20463562, -0.11709595, 9.430893
1399058255480192943, -0.22367859, -0.08377075, 9.457077
1399058255485564037, -0.22605896, -0.16470337, 9.454697
1399058255490446849, -0.21891785, -0.09329224, 9.468979
1399058255495329662, -0.24510193, -0.109954834, 9.445175
1399058255500212474, -0.271286, -0.13851929, 9.495163
1399058255505583568, -0.2641449, -0.09567261, 9.376144
1399058255510466381, -0.2546234, -0.09329224, 9.464218
1399058255515349193, -0.26176453, -0.15518188, 9.454697
1399058255520232006, -0.24034119, -0.114715576, 9.457077
1399058255525603099, -0.27366638, -0.13137817, 9.449936
1399058255530485912, -0.23320007, -0.13137817, 9.428513
1399058255535368724, -0.29032898, -0.11947632, 9.435654
1399058255540739818, -0.24986267, -0.15042114, 9.449936
1399058255545622631, -0.25700378, -0.11947632, 9.430893
1399058255549040599, -0.25938416, -0.11709595, 9.447556
1399058255552458568, -0.25938416, -0.08615112, 9.454697
1399058255555388256, -0.25700378, -0.12661743, 9.4785
1399058255563200756, -0.25700378, -0.13375854, 9.457077
1399058255570524974, -0.23558044, -0.11709595, 9.4856415
1399058255575896068, -0.22605896, -0.12423706, 9.430893
1399058255580778881, -0.25938416, -0.114715576, 9.457077
1399058255585661693, -0.23796082, -0.15042114, 9.380905
1399058255590544506, -0.26176453, -0.10043335, 9.457077
1399058255595915599, -0.271286, -0.09329224, 9.495163
1399058255600798412, -0.24034119, -0.08377075, 9.440414
1399058255605681224, -0.24986267, -0.088531494, 9.452316
1399058255610564037, -0.22605896, -0.10281372, 9.404709
1399058255615935131, -0.2474823, -0.088531494, 9.423752
1399058255620817943, -0.26890564, -0.07424927, 9.418991
1399058255625700756, -0.24034119, -0.11709595, 9.452316
1399058255629118724, -0.2474823, -0.1289978, 9.390427
1399058255632536693, -0.24272156, -0.09567261, 9.416611
1399058255635954662, -0.30223083, -0.112335205, 9.428513
1399058255643278881, -0.26176453, -0.114715576, 9.4785
1399058255651091381, -0.2641449, -0.1289978, 9.41185
1399058255655974193, -0.30699158, -0.09567261, 9.457077
1399058255660857006, -0.2308197, -0.13137817, 9.445175
1399058255665739818, -0.2641449, -0.1289978, 9.488022
1399058255671110912, -0.22843933, -0.14089966, 9.4665985
1399058255675993724, -0.2474823, -0.11709595, 9.399948
1399058255680876537, -0.25938416, -0.11947632, 9.468979
1399058255686247631, -0.23558044, -0.13851929, 9.480881
1399058255691130443, -0.26652527, -0.12661743, 9.388046
1399058255696013256, -0.271286, -0.10281372, 9.416611
1399058255700896068, -0.24986267, -0.112335205, 9.497543
1399058255706267162, -0.23558044, -0.13137817, 9.330917
1399058255711149974, -0.25224304, -0.1289978, 9.488022
1399058255716032787, -0.26890564, -0.14328003, 9.447556
1399058255720915599, -0.26176453, -0.114715576, 9.385666
1399058255726286693, -0.27842712, -0.14089966, 9.449936
1399058255731169506, -0.27842712, -0.12185669, 9.461838
1399058255736052318, -0.2474823, -0.1289978, 9.454697
1399058255741423412, -0.30937195, -0.13613892, 9.369003
1399058255746306224, -0.2474823, -0.13613892, 9.461838
1399058255751189037, -0.27842712, -0.1289978, 9.395187
1399058255756071849, -0.23558044, -0.15042114, 9.457077
1399058255761442943, -0.26176453, -0.12423706, 9.449936
1399058255766325756, -0.25938416, -0.112335205, 9.483261
1399058255771208568, -0.2308197, -0.09567261, 9.418991
1399058255776091381, -0.22843933, -0.13375854, 9.440414
1399058255781462474, -0.2641449, -0.12185669, 9.435654
1399058255786345287, -0.2546234, -0.09567261, 9.40947
1399058255791228099, -0.23320007, -0.13375854, 9.461838
1399058255796599193, -0.22843933, -0.114715576, 9.435654
1399058255801482006, -0.2308197, -0.07424927, 9.461838
1399058255806364818, -0.24510193, -0.11709595, 9.452316
1399058255811247631, -0.22605896, -0.114715576, 9.4665985
1399058255816618724, -0.26652527, -0.112335205, 9.488022
1399058255819548412, -0.27842712, -0.13137817, 9.459457
1399058255822966381, -0.24034119, -0.109954834, 9.492783
1399058255826384349, -0.24272156, -0.114715576, 9.459457
1399058255834196849, -0.30937195, -0.10043335, 9.388046
1399058255841521068, -0.22129822, -0.15042114, 9.426132
1399058255846403881, -0.28318787, -0.112335205, 9.435654
1399058255851774974, -0.24034119, -0.10757446, 9.488022
1399058255856657787, -0.271286, -0.10281372, 9.438034
1399058255861540599, -0.25700378, -0.10757446, 9.41423
1399058255866423412, -0.2308197, -0.1289978, 9.440414
1399058255871794506, -0.24034119, -0.09805298, 9.433273
1399058255876677318, -0.2308197, -0.13375854, 9.407089
1399058255881560131, -0.23558044, -0.112335205, 9.433273
1399058255886442943, -0.2808075, -0.109954834, 9.454697
1399058255889860912, -0.2546234, -0.12185669, 9.471359
1399058255893278881, -0.25224304, -0.10281372, 9.395187
1399058255896696849, -0.29508972, -0.12423706, 9.454697
1399058255904021068, -0.2808075, -0.15994263, 9.4023285
1399058255911833568, -0.24986267, -0.15280151, 9.433273
1399058255916716381, -0.28556824, -0.1289978, 9.404709
1399058255921599193, -0.26176453, -0.07901001, 9.404709
1399058255926970287, -0.27842712, -0.13137817, 9.4023285
1399058255931853099, -0.2641449, -0.12423706, 9.449936
1399058255936735912, -0.26890564, -0.1289978, 9.426132
1399058255942107006, -0.2546234, -0.114715576, 9.418991
1399058255946989818, -0.23558044, -0.088531494, 9.454697
1399058255950407787, -0.24986267, -0.114715576, 9.418991
1399058255953825756, -0.26890564, -0.11947632, 9.471359
1399058255956755443, -0.28318787, -0.12661743, 9.495163
1399058255964567943, -0.24272156, -0.114715576, 9.416611
1399058255971892162, -0.2974701, -0.09567261, 9.390427
1399058255976774974, -0.28556824, -0.114715576, 9.423752
1399058255982146068, -0.20463562, -0.13613892, 9.464218
1399058255985075756, -0.24510193, -0.07424927, 9.418991
1399058255988493724, -0.22605896, -0.12423706, 9.468979
1399058255991911693, -0.27366638, -0.1289978, 9.378525
1399058255999724193, -0.24510193, -0.07901001, 9.41423
1399058256007048412, -0.26890564, -0.13851929, 9.380905
1399058256011931224, -0.27842712, -0.09329224, 9.359482
1399058256017302318, -0.28318787, -0.114715576, 9.390427
1399058256020232006, -0.25224304, -0.114715576, 9.464218
1399058256023649974, -0.25224304, -0.13851929, 9.41423
1399058256027067943, -0.24986267, -0.10757446, 9.480881
1399058256034880443, -0.25700378, -0.1456604, 9.459457
1399058256042204662, -0.2641449, -0.13613892, 9.497543
1399058256047087474, -0.24034119, -0.11947632, 9.428513
1399058256052458568, -0.24510193, -0.11709595, 9.426132
1399058256057341381, -0.22843933, -0.1289978, 9.461838
1399058256062224193, -0.21177673, -0.112335205, 9.442795
1399058256067107006, -0.28318787, -0.12185669, 9.416611
1399058256072478099, -0.26176453, -0.10757446, 9.430893
1399058256077360912, -0.28318787, -0.10043335, 9.416611
1399058256082243724, -0.25700378, -0.114715576, 9.40947
1399058256087614818, -0.25938416, -0.12185669, 9.442795
1399058256092497631, -0.23558044, -0.12423706, 9.459457
1399058256097380443, -0.2474823, -0.12423706, 9.459457
1399058256102263256, -0.22843933, -0.112335205, 9.457077
1399058256107634349, -0.26652527, -0.13613892, 9.445175
1399058256112517162, -0.25700378, -0.10757446, 9.47374
1399058256117399974, -0.2474823, -0.09329224, 9.423752
1399058256122771068, -0.271286, -0.114715576, 9.41185
1399058256127653881, -0.25700378, -0.15280151, 9.4665985
1399058256132536693, -0.30937195, -0.16470337, 9.497543
1399058256137419506, -0.24272156, -0.13137817, 9.430893
1399058256142302318, -0.23558044, -0.10043335, 9.428513
1399058256147673412, -0.24034119, -0.12423706, 9.452316
1399058256152556224, -0.2546234, -0.10043335, 9.395187
1399058256157439037, -0.24510193, -0.10043335, 9.41185
1399058256162810131, -0.24034119, -0.114715576, 9.490402
1399058256167692943, -0.26652527, -0.11947632, 9.47374
1399058256172575756, -0.21177673, -0.10281372, 9.435654
1399058256177458568, -0.25938416, -0.15042114, 9.416611
1399058256182829662, -0.2808075, -0.14089966, 9.495163
1399058256187712474, -0.2546234, -0.13851929, 9.418991
1399058256192595287, -0.2808075, -0.109954834, 9.388046
1399058256197966381, -0.26652527, -0.08615112, 9.471359
1399058256202849193, -0.24272156, -0.11709595, 9.426132
1399058256207732006, -0.20225525, -0.109954834, 9.480881
1399058256212614818, -0.26176453, -0.12423706, 9.461838
1399058256217497631, -0.27604675, -0.10519409, 9.447556
1399058256222868724, -0.2641449, -0.13613892, 9.399948
1399058256227751537, -0.271286, -0.14089966, 9.428513
1399058256232634349, -0.21891785, -0.13137817, 9.416611
1399058256238005443, -0.25224304, -0.109954834, 9.495163
1399058256242888256, -0.27604675, -0.10043335, 9.459457
1399058256247771068, -0.24510193, -0.1456604, 9.416611
1399058256252653881, -0.27366638, -0.10519409, 9.423752
1399058256258024974, -0.23796082, -0.10281372, 9.428513
1399058256262907787, -0.27366638, -0.09805298, 9.423752
1399058256267790599, -0.22843933, -0.12185669, 9.390427
1399058256273161693, -0.18083191, -0.10043335, 9.433273
1399058256278044506, -0.2474823, -0.13613892, 9.438034
1399058256281462474, -0.2641449, -0.112335205, 9.430893
1399058256284880443, -0.2546234, -0.09805298, 9.423752
1399058256287810131, -0.24272156, -0.17184448, 9.449936
1399058256295622631, -0.21653748, -0.109954834, 9.449936
1399058256302946849, -0.26890564, -0.16946411, 9.488022
1399058256308317943, -0.23558044, -0.12661743, 9.426132
1399058256313200756, -0.23796082, -0.1289978, 9.4785
1399058256318083568, -0.2474823, -0.13137817, 9.4785
1399058256322966381, -0.25700378, -0.1456604, 9.378525
1399058256328337474, -0.25938416, -0.12185669, 9.426132
1399058256333220287, -0.23796082, -0.13613892, 9.447556
1399058256338103099, -0.2641449, -0.10043335, 9.407089
1399058256342985912, -0.27842712, -0.09567261, 9.430893
1399058256348357006, -0.26652527, -0.12423706, 9.499924
1399058256353239818, -0.25938416, -0.10281372, 9.423752
1399058256358122631, -0.27366638, -0.10519409, 9.449936
1399058256363493724, -0.28318787, -0.1789856, 9.418991
1399058256368376537, -0.23320007, -0.11709595, 9.421371
1399058256373259349, -0.25224304, -0.10757446, 9.480881
1399058256378142162, -0.25224304, -0.09329224, 9.423752
1399058256383513256, -0.2474823, -0.13137817, 9.459457
1399058256388396068, -0.2308197, -0.1289978, 9.404709
1399058256393278881, -0.24272156, -0.11947632, 9.41185
1399058256398161693, -0.24986267, -0.13375854, 9.426132
1399058256403532787, -0.23796082, -0.109954834, 9.452316
1399058256408415599, -0.25224304, -0.114715576, 9.385666
1399058256413298412, -0.29032898, -0.14804077, 9.492783
1399058256418669506, -0.26652527, -0.10043335, 9.430893
1399058256423552318, -0.24510193, -0.12185669, 9.47612
1399058256428435131, -0.26652527, -0.13851929, 9.511826
1399058256433317943, -0.2808075, -0.14328003, 9.435654
1399058256438689037, -0.25224304, -0.13851929, 9.418991
1399058256443571849, -0.271286, -0.09329224, 9.47612
1399058256448454662, -0.24986267, -0.12661743, 9.430893
1399058256453825756, -0.24510193, -0.12661743, 9.395187
1399058256458708568, -0.2641449, -0.14089966, 9.459457
1399058256463591381, -0.23796082, -0.13137817, 9.40947
1399058256468474193, -0.22605896, -0.1456604, 9.421371
1399058256473845287, -0.2308197, -0.14089966, 9.461838
1399058256478728099, -0.24510193, -0.12423706, 9.426132
1399058256483610912, -0.25224304, -0.14089966, 9.428513
1399058256488493724, -0.24272156, -0.13851929, 9.47612
1399058256493864818, -0.24272156, -0.09805298, 9.40947
1399058256498747631, -0.23796082, -0.114715576, 9.438034
1399058256503630443, -0.2546234, -0.14089966, 9.459457
1399058256509001537, -0.26652527, -0.10519409, 9.435654
1399058256513884349, -0.24272156, -0.112335205, 9.449936
1399058256517302318, -0.26176453, -0.09805298, 9.438034
1399058256520232006, -0.2808075, -0.10757446, 9.468979
1399058256523649974, -0.24272156, -0.09329224, 9.428513
1399058256531462474, -0.25938416, -0.12661743, 9.435654
1399058256538786693, -0.27604675, -0.1289978, 9.480881
1399058256543669506, -0.23796082, -0.14328003, 9.471359
1399058256549040599, -0.25224304, -0.090911865, 9.468979
1399058256552458568, -0.25938416, -0.09329224, 9.454697
1399058256555388256, -0.271286, -0.15042114, 9.457077
1399058256558806224, -0.24510193, -0.09805298, 9.447556
1399058256566618724, -0.2641449, -0.13851929, 9.440414
1399058256573942943, -0.22367859, -0.15280151, 9.464218
1399058256578825756, -0.20701599, -0.13851929, 9.449936
1399058256584196849, -0.25224304, -0.12185669, 9.4665985
1399058256589079662, -0.24510193, -0.14328003, 9.447556
1399058256593962474, -0.2546234, -0.13851929, 9.452316
1399058256599333568, -0.26652527, -0.14089966, 9.442795
1399058256604216381, -0.28556824, -0.12661743, 9.457077
1399058256609099193, -0.25700378, -0.090911865, 9.447556
1399058256613982006, -0.3046112, -0.12661743, 9.454697
1399058256619353099, -0.28318787, -0.13137817, 9.47374
1399058256622282787, -0.271286, -0.10757446, 9.40947
1399058256625700756, -0.2879486, -0.114715576, 9.421371
1399058256629118724, -0.27604675, -0.14089966, 9.447556
1399058256636931224, -0.2308197, -0.114715576, 9.4856415
1399058256644255443, -0.27842712, -0.1289978, 9.352341
1399058256649138256, -0.23558044, -0.13137817, 8.597763
1399058256654021068, -0.12608337, -0.01473999, 9.92363
1399058256659392162, -0.2474823, -0.067108154, 9.326157
1399058256664274974, -0.3046112, -0.16708374, 9.511826
1399058256669157787, -0.1403656, -0.062347412, 9.699875
1399058256674528881, -0.18559265, -0.026641846, 8.283554
1399058256679411693, -0.24034119, -0.14804077, 9.728439
1399058256684294506, -0.27842712, -0.18136597, 9.499924
1399058256689177318, -0.1974945, -0.109954834, 9.095261
1399058256694548412, -0.21177673, -0.043304443, 9.326157
1399058256699431224, -0.271286, -0.09567261, 9.652267
1399058256704314037, -0.29270935, -0.069488525, 9.423752
1399058256709685131, -0.29270935, -0.08615112, 9.190475
1399058256712614818, -0.19511414, -0.11947632, 9.47374
1399058256716032787, -0.29032898, -0.13851929, 9.4023285
1399058256719450756, -0.26652527, -0.16470337, 9.385666
1399058256727263256, -0.24034119, -0.14328003, 9.564194
1399058256734587474, -0.24272156, -0.10757446, 9.278549
1399058256738005443, -0.2308197, -0.13375854, 9.5499115
1399058256741423412, -0.24272156, -0.114715576, 9.661789
1399058256744841381, -0.2879486, -0.112335205, 9.257126
1399058256752165599, -0.21177673, -0.10043335, 9.423752
1399058256759489818, -0.24510193, -0.1289978, 9.390427
1399058256764860912, -0.2808075, -0.14328003, 9.442795
1399058256769743724, -0.24272156, -0.13851929, 9.554672
1399058256774626537, -0.23558044, -0.13375854, 9.2547455
1399058256779509349, -0.23796082, -0.12185669, 9.695114
1399058256784880443, -0.28318787, -0.14804077, 9.459457
1399058256789763256, -0.24272156, -0.14328003, 9.578476
1399058256794646068, -0.26176453, -0.10519409, 9.395187
1399058256799528881, -0.2474823, -0.109954834, 9.561813
1399058256804899974, -0.30223083, -0.15994263, 9.40947
1399058256808317943, -0.30699158, -0.12423706, 9.3190155
1399058256811247631, -0.22843933, -0.13851929, 9.492783
1399058256814665599, -0.24986267, -0.10043335, 9.276169
1399058256822478099, -0.28318787, -0.12423706, 9.438034
1399058256829802318, -0.26176453, -0.090911865, 9.4785
1399058256834685131, -0.21891785, -0.09329224, 9.545151
1399058256840056224, -0.24510193, -0.109954834, 9.352341
1399058256844939037, -0.25224304, -0.14328003, 9.678452
1399058256849821849, -0.26652527, -0.14804077, 9.302353
1399058256855192943, -0.22129822, -0.12185669, 9.361862
1399058256860075756, -0.24034119, -0.11709595, 9.454697
1399058256864958568, -0.19511414, -0.15994263, 9.421371
1399058256869841381, -0.24510193, -0.13851929, 9.480881
1399058256875212474, -0.20701599, -0.109954834, 9.499924
1399058256880095287, -0.21177673, -0.09567261, 9.642746
1399058256884978099, -0.25938416, -0.112335205, 9.459457
1399058256889860912, -0.22605896, -0.13613892, 9.338058
1399058256895232006, -0.24510193, -0.13375854, 9.440414
1399058256900114818, -0.25938416, -0.17184448, 9.328537
1399058256904997631, -0.26176453, -0.15280151, 9.459457
1399058256908415599, -0.28556824, -0.10757446, 9.511826
1399058256911833568, -0.27842712, -0.08377075, 9.545151
1399058256915251537, -0.2641449, -0.109954834, 9.4856415
1399058256922575756, -0.28318787, -0.090911865, 9.480881
1399058256930388256, -0.25700378, -0.15042114, 9.597519
1399058256935271068, -0.271286, -0.15280151, 9.316635
1399058256940153881, -0.27842712, -0.162323, 9.388046
1399058256945036693, -0.2308197, -0.15280151, 9.507065
1399058256950407787, -0.22367859, -0.109954834, 9.404709
1399058256955290599, -0.26890564, -0.06472778, 9.504684
1399058256960173412, -0.24272156, -0.07424927, 9.518967
1399058256964079662, -0.21653748, -0.090911865, 9.421371
1399058256967985912, -0.22843933, -0.13137817, 9.323776
1399058256972380443, -0.23796082, -0.17660522, 9.4785
1399058256976286693, -0.22843933, -0.1456604, 9.416611
1399058256980192943, -0.20463562, -0.14804077, 9.226181
1399058256988005443, -0.24986267, -0.11709595, 9.54039
1399058256995329662, -0.21177673, -0.09329224, 9.445175
1399058257000212474, -0.24034119, -0.08615112, 9.3190155
1399058257005583568, -0.27366638, -0.07424927, 9.530869
1399058257010466381, -0.29032898, -0.109954834, 9.399948
1399058257015349193, -0.23558044, -0.10519409, 9.4023285
1399058257020720287, -0.2474823, -0.112335205, 9.523727
1399058257025603099, -0.29032898, -0.112335205, 9.442795
1399058257030485912, -0.2546234, -0.14089966, 9.328537
1399058257035368724, -0.2546234, -0.109954834, 9.499924
1399058257040739818, -0.23320007, -0.12185669, 9.516586
1399058257045622631, -0.23558044, -0.114715576, 9.3452
1399058257050505443, -0.2474823, -0.13851929, 9.526108
1399058257055388256, -0.22129822, -0.11709595, 9.583237
1399058257060759349, -0.26652527, -0.12661743, 9.3832855
1399058257065642162, -0.24034119, -0.090911865, 9.499924
1399058257071013256, -0.22129822, -0.13613892, 9.395187
1399058257075896068, -0.20939636, -0.10043335, 9.390427
1399058257080778881, -0.23796082, -0.088531494, 9.426132
1399058257085661693, -0.23796082, -0.112335205, 9.4665985
1399058257090544506, -0.2641449, -0.109954834, 9.361862
1399058257095915599, -0.2808075, -0.112335205, 9.461838
1399058257100798412, -0.25224304, -0.12185669, 9.559433
1399058257105681224, -0.24034119, -0.1289978, 9.330917
1399058257111052318, -0.2546234, -0.14804077, 9.41423
1399058257115935131, -0.24272156, -0.15042114, 9.438034
1399058257120817943, -0.22605896, -0.13137817, 9.290451
1399058257125700756, -0.3046112, -0.12185669, 9.449936
1399058257131071849, -0.26652527, -0.090911865, 9.438034
1399058257135954662, -0.24272156, -0.10043335, 9.357101
1399058257140837474, -0.22129822, -0.1289978, 9.528488
1399058257145720287, -0.24986267, -0.109954834, 9.428513
1399058257151091381, -0.24272156, -0.15518188, 9.390427
1399058257154997631, -0.24272156, -0.1456604, 9.378525
1399058257159392162, -0.24510193, -0.09567261, 9.483261
1399058257163298412, -0.24510193, -0.1289978, 9.385666
1399058257167692943, -0.2974701, -0.11709595, 9.433273
1399058257171599193, -0.25700378, -0.114715576, 9.568954
1399058257175993724, -0.24986267, -0.10519409, 9.54039
1399058257180876537, -0.2546234, -0.1456604, 9.452316
1399058257185759349, -0.23796082, -0.15280151, 9.483261
1399058257191130443, -0.26890564, -0.1289978, 9.390427
1399058257196013256, -0.26890564, -0.1456604, 9.454697
1399058257200896068, -0.2141571, -0.12661743, 9.452316
1399058257207243724, -0.24034119, -0.09329224, 9.4785
1399058257213591381, -0.26176453, -0.11709595, 9.457077
1399058257219939037, -0.23796082, -0.08615112, 9.418991
1399058257226286693, -0.2641449, -0.13613892, 9.480881
1399058257231169506, -0.24272156, -0.11709595, 9.397568
1399058257236052318, -0.24986267, -0.14328003, 9.4785
1399058257241423412, -0.22843933, -0.12423706, 9.385666
1399058257246306224, -0.25938416, -0.12423706, 9.426132
1399058257251189037, -0.21177673, -0.12423706, 9.4665985
1399058257256071849, -0.23796082, -0.08615112, 9.4665985
1399058257261442943, -0.27842712, -0.09329224, 9.47612
1399058257266325756, -0.24034119, -0.10519409, 9.445175
1399058257271208568, -0.2308197, -0.15042114, 9.430893
1399058257276091381, -0.26176453, -0.1456604, 9.471359
1399058257281462474, -0.25700378, -0.1289978, 9.4785
1399058257286345287, -0.25224304, -0.1456604, 9.459457
1399058257291228099, -0.25700378, -0.12185669, 9.407089
1399058257296110912, -0.2808075, -0.08139038, 9.511826
1399058257301482006, -0.27842712, -0.10757446, 9.433273
1399058257306364818, -0.27604675, -0.1289978, 9.428513
1399058257311247631, -0.24510193, -0.12661743, 9.397568
1399058257316618724, -0.25224304, -0.112335205, 9.47374
1399058257321501537, -0.24272156, -0.11947632, 9.468979
1399058257324919506, -0.2474823, -0.12423706, 9.438034
1399058257327849193, -0.24510193, -0.13375854, 9.438034
1399058257331267162, -0.26890564, -0.10281372, 9.430893
1399058257339079662, -0.23796082, -0.12661743, 9.395187
1399058257346403881, -0.23320007, -0.15994263, 9.442795
1399058257351774974, -0.26652527, -0.11709595, 9.483261
1399058257356657787, -0.2546234, -0.114715576, 9.438034
1399058257360075756, -0.26176453, -0.1289978, 9.447556
1399058257363005443, -0.25700378, -0.112335205, 9.471359
1399058257366423412, -0.27604675, -0.13375854, 9.447556
1399058257374235912, -0.26176453, -0.13375854, 9.380905
1399058257381560131, -0.23558044, -0.12185669, 9.4023285
1399058257386442943, -0.271286, -0.088531494, 9.380905
1399058257391325756, -0.24510193, -0.090911865, 9.504684
1399058257396696849, -0.26176453, -0.08139038, 9.4665985
1399058257402067943, -0.30699158, -0.10757446, 9.454697
1399058257406950756, -0.2474823, -0.112335205, 9.438034
1399058257411833568, -0.25224304, -0.109954834, 9.418991
1399058257416716381, -0.2546234, -0.162323, 9.378525
1399058257421599193, -0.27366638, -0.14089966, 9.521347
1399058257426970287, -0.25938416, -0.13851929, 9.390427
1399058257431853099, -0.26890564, -0.10519409, 9.504684
1399058257436735912, -0.20701599, -0.09805298, 9.4785
1399058257441618724, -0.23558044, -0.09567261, 9.464218
1399058257446989818, -0.2879486, -0.1289978, 9.428513
1399058257451872631, -0.25938416, -0.17422485, 9.440414
1399058257456755443, -0.25224304, -0.16470337, 9.457077
1399058257462126537, -0.20701599, -0.112335205, 9.364243
1399058257467009349, -0.3141327, -0.14089966, 9.461838
1399058257471892162, -0.2974701, -0.088531494, 9.490402
1399058257476774974, -0.26652527, -0.11709595, 9.438034
1399058257482146068, -0.23796082, -0.08615112, 9.452316
1399058257487028881, -0.24510193, -0.114715576, 9.433273
1399058257491911693, -0.25700378, -0.12185669, 9.397568
1399058257496794506, -0.2641449, -0.16470337, 9.47374
1399058257502165599, -0.20701599, -0.14328003, 9.404709
1399058257507048412, -0.24986267, -0.09567261, 9.388046
1399058257512419506, -0.23320007, -0.109954834, 9.40947
1399058257517302318, -0.24986267, -0.09567261, 9.499924
1399058257522185131, -0.24986267, -0.12423706, 9.421371
1399058257527067943, -0.23320007, -0.13613892, 9.452316
1399058257531950756, -0.2308197, -0.14804077, 9.516586
1399058257536833568, -0.2474823, -0.12185669, 9.47374
1399058257542204662, -0.23558044, -0.11947632, 9.471359
1399058257547087474, -0.2808075, -0.14804077, 9.502304
1399058257551970287, -0.21891785, -0.13375854, 9.41423
1399058257557341381, -0.22367859, -0.088531494, 9.426132
1399058257562224193, -0.23320007, -0.11709595, 9.430893
1399058257567107006, -0.24272156, -0.13851929, 9.430893
1399058257571989818, -0.3141327, -0.12185669, 9.4856415
1399058257577360912, -0.22605896, -0.10043335, 9.47612
1399058257582243724, -0.29032898, -0.13375854, 9.430893
1399058257587126537, -0.24034119, -0.114715576, 9.459457
1399058257592497631, -0.29508972, -0.11709595, 9.507065
1399058257597380443, -0.22605896, -0.13137817, 9.435654
1399058257602263256, -0.27604675, -0.112335205, 9.407089
1399058257607146068, -0.2546234, -0.15518188, 9.440414
1399058257612028881, -0.24986267, -0.14328003, 9.445175
1399058257617399974, -0.2308197, -0.1289978, 9.41185
1399058257622282787, -0.24986267, -0.162323, 9.516586
1399058257625700756, -0.24986267, -0.13613892, 9.452316
1399058257629118724, -0.23320007, -0.09567261, 9.416611
1399058257632536693, -0.26652527, -0.09567261, 9.449936
1399058257639860912, -0.22367859, -0.09329224, 9.490402
1399058257647673412, -0.2641449, -0.09329224, 9.361862
1399058257652556224, -0.26176453, -0.13137817, 9.371384
1399058257657439037, -0.25938416, -0.10757446, 9.471359
1399058257662321849, -0.24034119, -0.12423706, 9.397568
1399058257667692943, -0.25938416, -0.12661743, 9.499924
1399058257672575756, -0.26176453, -0.11947632, 9.40947
1399058257677458568, -0.25938416, -0.12185669, 9.454697
1399058257682829662, -0.24034119, -0.12185669, 9.440414
1399058257685759349, -0.2474823, -0.12423706, 9.392807
1399058257689177318, -0.2474823, -0.13137817, 9.516586
1399058257692595287, -0.26176453, -0.13137817, 9.516586
1399058257699919506, -0.26176453, -0.15756226, 9.418991
1399058257707732006, -0.24272156, -0.09329224, 9.4785
1399058257711149974, -0.26890564, -0.15756226, 9.438034
1399058257714567943, -0.25700378, -0.13613892, 9.454697
1399058257717497631, -0.22605896, -0.14089966, 9.392807
1399058257725310131, -0.23796082, -0.112335205, 9.4665985
1399058257732634349, -0.21177673, -0.11947632, 9.445175
1399058257738005443, -0.2474823, -0.109954834, 9.490402
1399058257742888256, -0.22605896, -0.088531494, 9.390427
1399058257747771068, -0.27366638, -0.15756226, 9.397568
1399058257752653881, -0.25224304, -0.15042114, 9.369003
1399058257758024974, -0.2546234, -0.13375854, 9.395187
1399058257762907787, -0.2474823, -0.09329224, 9.41185
1399058257767790599, -0.29270935, -0.10519409, 9.488022
1399058257772673412, -0.2808075, -0.13137817, 9.480881
1399058257776091381, -0.2141571, -0.09329224, 9.438034
1399058257779509349, -0.23320007, -0.15518188, 9.452316
1399058257782927318, -0.25938416, -0.14804077, 9.4023285
1399058257789274974, -0.23320007, -0.16708374, 9.428513
1399058257795622631, -0.2546234, -0.11947632, 9.4856415
1399058257801482006, -0.21891785, -0.10281372, 9.5499115
1399058257807829662, -0.24986267, -0.10281372, 9.421371
1399058257813200756, -0.23796082, -0.11947632, 9.423752
1399058257818083568, -0.24034119, -0.12185669, 9.471359
1399058257822966381, -0.2546234, -0.109954834, 9.440414
1399058257827849193, -0.22129822, -0.109954834, 9.3452
1399058257833220287, -0.20939636, -0.12423706, 9.433273
1399058257838103099, -0.22367859, -0.13137817, 9.480881
1399058257842985912, -0.23558044, -0.112335205, 9.440414
1399058257846403881, -0.2641449, -0.14804077, 9.518967
1399058257849821849, -0.24510193, -0.109954834, 9.461838
1399058257853239818, -0.26890564, -0.13137817, 9.430893
1399058257860075756, -0.27842712, -0.14328003, 9.47612
1399058257866911693, -0.25224304, -0.1289978, 9.445175
1399058257873259349, -0.24510193, -0.14804077, 9.430893
1399058257878142162, -0.27604675, -0.112335205, 9.418991
1399058257883024974, -0.2308197, -0.10043335, 9.461838
1399058257888396068, -0.25938416, -0.1289978, 9.535629
1399058257893278881, -0.27366638, -0.11947632, 9.447556
1399058257898161693, -0.26176453, -0.10281372, 9.497543
1399058257903044506, -0.23796082, -0.114715576, 9.461838
1399058257907927318, -0.22367859, -0.109954834, 9.423752
1399058257913298412, -0.26176453, -0.09567261, 9.41185
1399058257918181224, -0.24986267, -0.10043335, 9.426132
1399058257923064037, -0.26890564, -0.13613892, 9.449936
1399058257928435131, -0.19987488, -0.1289978, 9.385666
1399058257933317943, -0.21177673, -0.15042114, 9.47612
1399058257938200756, -0.27604675, -0.1456604, 9.442795
1399058257941618724, -0.24510193, -0.11709595, 9.461838
1399058257945036693, -0.22843933, -0.1456604, 9.440414
1399058257948454662, -0.25938416, -0.067108154, 9.407089
1399058257955778881, -0.26652527, -0.12185669, 9.509445
1399058257963591381, -0.24510193, -0.13851929, 9.404709
1399058257968474193, -0.25700378, -0.15518188, 9.440414
1399058257973357006, -0.27842712, -0.12423706, 9.40947
1399058257978239818, -0.2474823, -0.15042114, 9.395187
1399058257983610912, -0.25224304, -0.13375854, 9.378525
1399058257988493724, -0.24034119, -0.09805298, 9.47374
1399058257993864818, -0.29032898, -0.090911865, 9.511826
1399058257998747631, -0.21653748, -0.09805298, 9.407089
1399058258003630443, -0.25700378, -0.10043335, 9.457077
1399058258008513256, -0.27842712, -0.1289978, 9.423752
1399058258013884349, -0.2641449, -0.17660522, 9.359482
1399058258018767162, -0.21177673, -0.15518188, 9.435654
1399058258022673412, -0.25700378, -0.112335205, 9.4785
1399058258027067943, -0.2474823, -0.114715576, 9.47612
1399058258030974193, -0.24272156, -0.109954834, 9.452316
1399058258035368724, -0.27604675, -0.13613892, 9.452316
1399058258039274974, -0.23796082, -0.13613892, 9.404709
1399058258043669506, -0.23558044, -0.13137817, 9.421371
1399058258049528881, -0.2546234, -0.15756226, 9.399948
1399058258055388256, -0.25938416, -0.12423706, 9.511826
1399058258061735912, -0.2546234, -0.1289978, 9.445175
1399058258068083568, -0.29032898, -0.08139038, 9.452316
1399058258073942943, -0.25700378, -0.088531494, 9.471359
1399058258078825756, -0.2808075, -0.13137817, 9.430893
1399058258083708568, -0.27842712, -0.07662964, 9.454697
1399058258088591381, -0.22843933, -0.13375854, 9.392807
1399058258093962474, -0.29032898, -0.13375854, 9.435654
1399058258098845287, -0.2546234, -0.14328003, 9.435654
1399058258103728099, -0.27604675, -0.13613892, 9.445175
1399058258108122631, -0.2308197, -0.13851929, 9.497543
1399058258112517162, -0.23558044, -0.10281372, 9.502304
1399058258116423412, -0.28318787, -0.13613892, 9.4023285
1399058258120817943, -0.2879486, -0.12661743, 9.464218
1399058258124724193, -0.25700378, -0.10757446, 9.4023285
1399058258129118724, -0.2474823, -0.14089966, 9.445175
1399058258134978099, -0.22843933, -0.13137817, 9.418991
1399058258140837474, -0.24510193, -0.13137817, 9.435654
1399058258147185131, -0.26890564, -0.14328003, 9.440414
1399058258153044506, -0.26652527, -0.12423706, 9.445175
1399058258158903881, -0.21891785, -0.12185669, 9.407089
1399058258164274974, -0.25700378, -0.114715576, 9.452316
1399058258169157787, -0.20225525, -0.12661743, 9.388046
1399058258174040599, -0.28318787, -0.10281372, 9.430893
1399058258179411693, -0.2974701, -0.15280151, 9.435654
1399058258184294506, -0.24986267, -0.15280151, 9.41423
1399058258189177318, -0.25938416, -0.14328003, 9.435654
1399058258194060131, -0.271286, -0.13375854, 9.499924
1399058258198942943, -0.28556824, -0.14328003, 9.488022
1399058258204314037, -0.27842712, -0.11709595, 9.497543
1399058258209196849, -0.21177673, -0.10043335, 9.40947
1399058258214567943, -0.27366638, -0.109954834, 9.392807
1399058258219450756, -0.24272156, -0.10043335, 9.468979
1399058258224333568, -0.2641449, -0.13375854, 9.41185
1399058258229216381, -0.23796082, -0.13137817, 9.3832855
1399058258234099193, -0.24272156, -0.11947632, 9.47612
1399058258239470287, -0.2474823, -0.13613892, 9.464218
1399058258244353099, -0.24034119, -0.1289978, 9.404709
1399058258248747631, -0.271286, -0.15518188, 9.490402
1399058258252653881, -0.29270935, -0.10519409, 9.438034
1399058258257048412, -0.2808075, -0.10519409, 9.447556
1399058258260954662, -0.28318787, -0.109954834, 9.438034
1399058258265349193, -0.24986267, -0.12661743, 9.440414
1399058258269255443, -0.27604675, -0.13613892, 9.4665985
1399058258275603099, -0.26176453, -0.14089966, 9.449936
1399058258281462474, -0.2308197, -0.12423706, 9.457077
1399058258287810131, -0.2308197, -0.09329224, 9.449936
1399058258293669506, -0.24272156, -0.09805298, 9.468979
1399058258299528881, -0.21891785, -0.112335205, 9.457077
1399058258304411693, -0.2546234, -0.114715576, 9.423752
1399058258309782787, -0.23320007, -0.11709595, 9.41185
1399058258314665599, -0.24272156, -0.1456604, 9.423752
1399058258319548412, -0.24272156, -0.114715576, 9.452316
1399058258324431224, -0.22605896, -0.1289978, 9.433273
1399058258329802318, -0.21653748, -0.11709595, 9.433273
1399058258334685131, -0.24510193, -0.10281372, 9.4856415
1399058258339567943, -0.22843933, -0.10757446, 9.47612
1399058258344450756, -0.23558044, -0.1289978, 9.442795
1399058258347868724, -0.23796082, -0.12423706, 9.378525
1399058258351286693, -0.24034119, -0.15042114, 9.438034
1399058258354704662, -0.23320007, -0.1289978, 9.452316
1399058258362028881, -0.25938416, -0.12423706, 9.483261
1399058258369841381, -0.2641449, -0.08139038, 9.480881
1399058258374724193, -0.2641449, -0.114715576, 9.507065
1399058258379607006, -0.23320007, -0.08377075, 9.426132
1399058258384489818, -0.2308197, -0.10757446, 9.445175
1399058258389860912, -0.22129822, -0.13137817, 9.433273
1399058258394743724, -0.26176453, -0.12423706, 9.380905
1399058258399626537, -0.23320007, -0.13613892, 9.461838
1399058258404997631, -0.2474823, -0.16946411, 9.4665985
1399058258408415599, -0.2546234, -0.10757446, 9.440414
1399058258411833568, -0.24034119, -0.12423706, 9.457077
1399058258414763256, -0.28556824, -0.10281372, 9.41423
1399058258421599193, -0.23796082, -0.1289978, 9.423752
1399058258428435131, -0.2546234, -0.12423706, 9.416611
1399058258435271068, -0.19987488, -0.16470337, 9.404709
1399058258440153881, -0.22843933, -0.1456604, 9.40947
1399058258445036693, -0.26176453, -0.1289978, 9.397568
1399058258449919506, -0.23320007, -0.15042114, 9.457077
1399058258454802318, -0.27604675, -0.13851929, 9.4856415
1399058258460173412, -0.24510193, -0.10281372, 9.430893
1399058258465056224, -0.2808075, -0.090911865, 9.461838
1399058258468474193, -0.26890564, -0.12661743, 9.459457
1399058258471892162, -0.27366638, -0.10281372, 9.490402
1399058258475310131, -0.24272156, -0.11947632, 9.407089
1399058258481657787, -0.26176453, -0.10519409, 9.428513
1399058258488005443, -0.21891785, -0.14089966, 9.397568
1399058258493864818, -0.24272156, -0.109954834, 9.435654
1399058258500212474, -0.24986267, -0.112335205, 9.41185
1399058258505095287, -0.25700378, -0.12185669, 9.464218
1399058258509978099, -0.32841492, -0.11947632, 9.459457
1399058258515349193, -0.25938416, -0.15518188, 9.438034
1399058258520232006, -0.23796082, -0.10043335, 9.4856415
1399058258525114818, -0.2474823, -0.16708374, 9.376144
1399058258530485912, -0.26176453, -0.16708374, 9.421371
1399058258535368724, -0.22129822, -0.13851929, 9.447556
1399058258540739818, -0.25224304, -0.1289978, 9.47612
1399058258545622631, -0.24272156, -0.0718689, 9.492783
1399058258550505443, -0.23796082, -0.08377075, 9.514206
1399058258555388256, -0.26176453, -0.10519409, 9.442795
1399058258560271068, -0.24986267, -0.09329224, 9.433273
1399058258565153881, -0.26652527, -0.088531494, 9.457077
1399058258570524974, -0.28556824, -0.14328003, 9.438034
1399058258575407787, -0.28556824, -0.13137817, 9.464218
1399058258580290599, -0.23796082, -0.10757446, 9.433273
1399058258585173412, -0.27604675, -0.12185669, 9.449936
1399058258590544506, -0.24034119, -0.11709595, 9.504684
1399058258595427318, -0.29985046, -0.12185669, 9.435654
1399058258600798412, -0.26652527, -0.12661743, 9.4665985
1399058258605681224, -0.25938416, -0.112335205, 9.452316
1399058258610564037, -0.24986267, -0.11709595, 9.380905
1399058258615446849, -0.2474823, -0.112335205, 9.471359
1399058258620329662, -0.20225525, -0.12661743, 9.41185
1399058258625700756, -0.26890564, -0.11947632, 9.433273
1399058258630583568, -0.24510193, -0.08377075, 9.435654
1399058258635466381, -0.26652527, -0.114715576, 9.459457
1399058258640837474, -0.24986267, -0.13851929, 9.433273
1399058258645720287, -0.23558044, -0.12661743, 9.41423
1399058258651091381, -0.2808075, -0.10757446, 9.435654
1399058258655974193, -0.23558044, -0.14089966, 9.447556
1399058258660857006, -0.23320007, -0.15994263, 9.488022
1399058258665739818, -0.23320007, -0.13137817, 9.483261
1399058258670622631, -0.23796082, -0.14328003, 9.41185
1399058258675505443, -0.2641449, -0.10519409, 9.507065
1399058258680876537, -0.23796082, -0.1289978, 9.530869
1399058258685759349, -0.23320007, -0.11709595, 9.442795
1399058258690642162, -0.27366638, -0.109954834, 9.445175
1399058258696013256, -0.2546234, -0.13137817, 9.497543
1399058258700896068, -0.27604675, -0.13375854, 9.418991
1399058258705778881, -0.24034119, -0.15756226, 9.459457
1399058258711149974, -0.24510193, -0.14804077, 9.426132
1399058258716032787, -0.23558044, -0.09329224, 9.423752
1399058258720915599, -0.23558044, -0.10519409, 9.41423
1399058258725798412, -0.24986267, -0.13613892, 9.471359
1399058258730681224, -0.21653748, -0.10757446, 9.435654
1399058258736052318, -0.22605896, -0.114715576, 9.41185
1399058258740935131, -0.24510193, -0.14089966, 9.442795
1399058258745817943, -0.24272156, -0.09567261, 9.4023285
1399058258750700756, -0.22367859, -0.10519409, 9.416611
1399058258755583568, -0.2308197, -0.14089966, 9.507065
1399058258760954662, -0.28318787, -0.14089966, 9.461838
1399058258766325756, -0.25938416, -0.14089966, 9.426132
1399058258771208568, -0.24986267, -0.10281372, 9.452316
1399058258775114818, -0.2879486, -0.14089966, 9.480881
1399058258779509349, -0.25700378, -0.10519409, 9.47612
1399058258783415599, -0.2808075, -0.13137817, 9.4023285
1399058258787810131, -0.25700378, -0.11947632, 9.359482
1399058258791716381, -0.25224304, -0.14089966, 9.388046
1399058258796110912, -0.21653748, -0.090911865, 9.457077
1399058258801970287, -0.25938416, -0.1289978, 9.430893
1399058258808317943, -0.26176453, -0.09329224, 9.135727
1399058258814177318, -0.3141327, -0.10757446, 9.259506
1399058258820036693, -0.24272156, -0.10281372, 9.568954
1399058258826384349, -0.20463562, -0.20040894, 9.8450775
1399058258831267162, -0.19511414, -0.15280151, 9.8641205
1399058258836149974, -0.24510193, -0.1289978, 9.566574
1399058258841032787, -0.27366638, -0.10281372, 9.204758
1399058258846403881, -0.29032898, -0.114715576, 9.09288
1399058258851286693, -0.25938416, -0.10757446, 9.309494
1399058258856169506, -0.21891785, -0.162323, 9.571335
1399058258861052318, -0.22129822, -0.13375854, 9.709396
1399058258866423412, -0.15226746, -0.14089966, 9.583237
1399058258871306224, -0.2474823, -0.14804077, 9.457077
1399058258876189037, -0.29270935, -0.08377075, 9.230942
